date,AAPL,MSFT,SPY
2020-01-02,72.53851318359375,152.79110717773438,298.5786437988281
2020-01-03,71.83329772949219,150.88861083984375,296.31781005859375
2020-01-06,72.40567779541016,151.2786407470703,297.4483337402344
2020-01-07,72.06517028808594,149.89932250976562,296.61181640625
2020-01-08,73.22441864013672,152.2869873046875,298.1925964355469
2020-01-09,74.77976989746094,154.1894989013672,300.214599609375
2020-01-10,74.94880676269531,153.4760284423828,299.3506774902344
2020-01-13,76.55004119873047,155.32147216796875,301.4093933105469
2020-01-14,75.51636505126953,154.22752380371094,300.9499206542969
2020-01-15,75.19273376464844,155.22634887695312,301.6299743652344
2020-01-16,76.1346435546875,158.0706024169922,304.1390686035156
2020-01-17,76.97752380371094,158.9552764892578,305.0856628417969
2020-01-21,76.45584869384766,158.38450622558594,304.4882507324219
2020-01-22,76.7287826538086,157.62350463867188,304.5250549316406
2020-01-23,77.0982666015625,158.59381103515625,304.8742980957031
2020-01-24,76.8760757446289,156.9956817626953,302.1629943847656
2020-01-27,74.61553192138672,154.3702392578125,297.3194885253906
2020-01-28,76.72635650634766,157.39523315429688,300.4352111816406
2020-01-29,78.3324203491211,159.8494873046875,300.1869812011719
2020-01-30,78.21890258789062,164.3583984375,301.1612548828125
2020-01-31,74.75078582763672,161.93272399902344,295.6927795410156
2020-02-03,74.54549407958984,165.8804473876953,297.8893737792969
2020-02-04,77.00650024414062,171.3406524658203,302.4294738769531
2020-02-05,77.63445281982422,171.13136291503906,305.92205810546875
2020-02-06,78.54253387451172,174.6795654296875,306.95135498046875
2020-02-07,77.47492980957031,174.92691040039062,305.31549072265625
2020-02-10,77.84288787841797,179.5024871826172,307.5947265625
2020-02-11,77.37326049804688,175.45008850097656,308.1278076171875
2020-02-12,79.21068572998047,175.70693969726562,310.113037109375
2020-02-13,78.6466293334961,174.7556610107422,309.78216552734375
2020-02-14,78.66600799560547,176.31573486328125,310.2784118652344
2020-02-18,77.22559356689453,178.10409545898438,309.4788513183594
2020-02-19,78.34400939941406,178.63829040527344,310.9586181640625
2020-02-20,77.54027557373047,175.91026306152344,309.6810302734375
2020-02-21,75.78515625,170.3492431640625,306.4919128417969
2020-02-24,72.18534088134766,163.0045623779297,296.3269348144531
2020-02-25,69.74028015136719,160.3147430419922,287.3475341796875
2020-02-26,70.8465805053711,162.31777954101562,286.2906799316406
2020-02-27,66.21548461914062,150.88107299804688,273.43280029296875
2020-02-28,66.1767578125,154.53431701660156,272.28399658203125
2020-03-02,72.3378677368164,164.81686401367188,284.0756530761719
2020-03-03,70.04043579101562,156.91897583007812,275.94195556640625
2020-03-04,73.28925323486328,162.68026733398438,287.5406188964844
2020-03-05,70.91195678710938,158.5977325439453,277.9822692871094
2020-03-06,69.97025299072266,154.11463928222656,273.3868713378906
2020-03-09,64.4361572265625,143.6698760986328,252.03689575195312
2020-03-10,69.07695007324219,153.49461364746094,265.0784912109375
2020-03-11,66.67788696289062,146.54098510742188,252.15638732910156
2020-03-12,60.09312057495117,132.6432647705078,228.03074645996094
2020-03-13,67.29277801513672,151.5010528564453,247.52427673339844
2020-03-16,58.63577651977539,129.17123413085938,220.43919372558594
2020-03-17,61.21398162841797,139.8067626953125,232.34120178222656
2020-03-18,59.7154655456543,133.92144775390625,220.5771026611328
2020-03-19,59.2579231262207,136.12486267089844,221.0458526611328
2020-03-20,55.495906829833984,131.01219177246094,211.52003479003906
2020-03-23,54.316932678222656,129.7054443359375,206.11178588867188
2020-03-24,59.766300201416016,141.49510192871094,224.78623962402344
2020-03-25,59.437068939208984,140.14064025878906,228.15133666992188
2020-03-26,62.56483459472656,148.90658569335938,241.4730682373047
2020-03-27,59.97449493408203,142.79234313964844,234.28057861328125
2020-03-30,61.686058044433594,152.8364715576172,241.8889923095703
2020-03-31,61.56016159057617,150.43276977539062,238.28353881835938
2020-04-01,58.321041107177734,145.09112548828125,227.55967712402344
2020-04-02,59.29423141479492,148.09576416015625,232.81069946289062
2020-04-03,58.442100524902344,146.73178100585938,229.44561767578125
2020-04-06,63.54042434692383,157.6438751220703,244.85662841796875
2020-04-07,62.80448913574219,155.94602966308594,245.1062469482422
2020-04-08,64.41194915771484,157.51039123535156,253.33395385742188
2020-04-09,64.87676239013672,157.51991271972656,257.18914794921875
2020-04-13,66.15011596679688,157.872802734375,254.84097290039062
2020-04-14,69.49090576171875,165.6848907470703,262.35693359375
2020-04-15,68.85663604736328,163.94888305664062,256.7823791503906
2020-04-16,69.40377807617188,168.87075805664062,258.0211486816406
2020-04-17,68.4620590209961,170.35879516601562,264.99169921875
2020-04-20,67.04100799560547,166.98216247558594,260.3231201171875
2020-04-21,64.96873474121094,160.0762176513672,252.4187774658203
2020-04-22,66.840087890625,165.51319885253906,258.0211486816406
2020-04-23,66.5810317993164,163.51010131835938,258.0025939941406
2020-04-24,68.5031967163086,166.49566650390625,261.598876953125
2020-04-27,68.5516357421875,166.01876831054688,265.3707580566406
2020-04-28,67.44043731689453,161.9744110107422,264.1504821777344
2020-04-29,69.65553283691406,169.24281311035156,271.06549072265625
2020-04-30,71.12500762939453,170.94068908691406,268.5416259765625
2020-05-01,69.97992706298828,166.51475524902344,261.4324645996094
2020-05-04,70.97005462646484,170.58773803710938,262.1535949707031
2020-05-05,72.03523254394531,172.41912841796875,264.57568359375
2020-05-06,72.7784652709961,174.11697387695312,262.7822265625
2020-05-07,73.53133392333984,175.12808227539062,265.9531555175781
2020-05-08,75.28150939941406,176.15826416015625,270.35357666015625
2020-05-11,76.4660873413086,178.12318420410156,270.40911865234375
2020-05-12,75.59221649169922,174.08837890625,265.01947021484375
2020-05-13,74.67951202392578,171.45574951171875,260.332275390625
2020-05-14,75.13829803466797,172.19967651367188,263.4477844238281
2020-05-15,74.6940689086914,174.70838928222656,264.6589050292969
2020-05-18,76.45394134521484,176.37765502929688,272.7203063964844
2020-05-19,76.01216888427734,175.1566925048828,269.9190979003906
2020-05-20,77.49044799804688,177.58624267578125,274.5044860839844
2020-05-21,76.9127426147461,175.45323181152344,272.6094055175781
2020-05-22,77.4079360961914,175.5297393798828,273.1270446777344
2020-05-26,76.88359832763672,173.67408752441406,276.4921875
2020-05-27,77.21857452392578,173.9036407470703,280.60601806640625
2020-05-28,77.2525634765625,173.5115203857422,280.0882873535156
2020-05-29,77.17730712890625,175.2810516357422,281.3364562988281
2020-06-01,78.12643432617188,174.87928771972656,282.47344970703125
2020-06-02,78.48812866210938,176.86888122558594,284.81243896484375
2020-06-03,78.92019653320312,177.2992706298828,288.6028137207031
2020-06-04,78.24053192138672,174.96539306640625,287.8446960449219
2020-06-05,80.46890258789062,179.05926513671875,295.2220458984375
2020-06-08,80.94466400146484,180.16880798339844,298.7905578613281
2020-06-09,83.50074768066406,181.5462188720703,296.5625915527344
2020-06-10,85.64898681640625,188.2800750732422,294.9076843261719
2020-06-11,81.53695678710938,178.16973876953125,277.9065856933594
2020-06-12,82.24091339111328,179.5758056640625,281.2347106933594
2020-06-15,83.25798797607422,180.72360229492188,283.8602294921875
2020-06-16,85.46452331542969,185.15228271484375,289.32379150390625
2020-06-17,85.34556579589844,185.79315185546875,288.1220703125
2020-06-18,85.37957000732422,187.78268432617188,288.23297119140625
2020-06-19,84.89164733886719,186.6635284423828,286.5858154296875
2020-06-22,87.11273956298828,191.8478546142578,288.42431640625
2020-06-23,88.97212982177734,193.12962341308594,289.7521057128906
2020-06-24,87.40161895751953,189.236572265625,282.3608703613281
2020-06-25,88.56190490722656,191.62786865234375,285.3880310058594
2020-06-26,85.84077453613281,187.792236328125,278.6095886230469
2020-06-29,87.81912994384766,189.8104705810547,282.70440673828125
2020-06-30,88.55220031738281,194.66000366210938,286.3257751464844
2020-07-01,88.38471221923828,195.79823303222656,288.33135986328125
2020-07-02,88.38471221923828,197.2904052734375,289.9191589355469
2020-07-06,90.74900817871094,201.5372772216797,294.394775390625
2020-07-07,90.46741485595703,199.19387817382812,291.3584289550781
2020-07-08,92.5744400024414,203.57470703125,293.58697509765625
2020-07-09,92.97252655029297,204.99989318847656,291.9156188964844
2020-07-10,93.13516235351562,204.37820434570312,294.89617919921875
2020-07-13,92.70552062988281,198.065185546875,292.3427429199219
2020-07-14,94.23963928222656,199.28952026367188,296.1312561035156
2020-07-15,94.88777160644531,198.99301147460938,298.8518371582031
2020-07-16,93.72019958496094,195.0521697998047,297.8675842285156
2020-07-17,93.53083801269531,194.057373046875,298.73114013671875
2020-07-20,95.50189971923828,202.39822387695312,301.14532470703125
2020-07-21,94.1838150024414,199.67214965820312,301.78607177734375
2020-07-22,94.44841766357422,202.5416717529297,303.5038146972656
2020-07-23,90.1494369506836,193.73219299316406,299.8824462890625
2020-07-24,89.9261245727539,192.5460968017578,297.95111083984375
2020-07-27,92.05738830566406,194.9852294921875,300.1239318847656
2020-07-28,90.54512023925781,193.23483276367188,298.2204284667969
2020-07-29,92.28071594238281,195.1861114501953,301.88812255859375
2020-07-30,93.39733123779297,195.03306579589844,300.8110046386719
2020-07-31,103.17497253417969,196.09478759765625,303.18817138671875
2020-08-03,105.77474212646484,207.12338256835938,305.29595947265625
2020-08-04,106.4811019897461,204.0146942138672,306.47509765625
2020-08-05,106.8670654296875,203.67991638183594,308.378662109375
2020-08-06,110.59557342529297,206.9416046142578,310.44000244140625
2020-08-07,108.08110809326172,203.23992919921875,310.6629333496094
2020-08-10,109.65205383300781,199.19387817382812,311.5914611816406
2020-08-11,106.3910140991211,194.53564453125,309.0193786621094
2020-08-12,109.92683410644531,200.09298706054688,313.3277893066406
2020-08-13,111.87228393554688,199.62429809570312,312.7613525390625
2020-08-14,111.77256774902344,199.8156280517578,312.77069091796875
2020-08-17,111.48075103759766,201.13558959960938,313.7642517089844
2020-08-18,112.40970611572266,202.29299926757812,314.442138671875
2020-08-19,112.55073547363281,201.065673828125,313.1327819824219
2020-08-20,115.04821014404297,205.7447509765625,314.1078796386719
2020-08-21,120.9769058227539,204.24899291992188,315.2220458984375
2020-08-24,122.4238052368164,204.89138793945312,318.416259765625
2020-08-25,121.41949462890625,207.5569305419922,319.530517578125
2020-08-26,123.0706787109375,212.0442352294922,322.7340393066406
2020-08-27,121.5994644165039,217.2506866455078,323.43963623046875
2020-08-28,121.40248107910156,219.4847412109375,325.52886962890625
2020-08-31,125.51949310302734,216.243896484375,324.3495788574219
2020-09-01,130.51930236816406,217.91226196289062,327.4046325683594
2020-09-02,127.81513214111328,222.11190795898438,332.1401062011719
2020-09-03,117.58211517333984,208.352783203125,320.7097473144531
2020-09-04,117.65995788574219,205.4283447265625,318.09130859375
2020-09-08,109.74203491210938,194.31556701660156,309.4000244140625
2020-09-09,114.11927032470703,202.59019470214844,315.5098876953125
2020-09-10,110.39374542236328,196.9139862060547,310.0315246582031
2020-09-11,108.94438934326172,195.62913513183594,310.18939208984375
2020-09-14,112.21273040771484,196.9523162841797,314.27490234375
2020-09-15,112.38780212402344,200.18357849121094,315.8627624511719
2020-09-16,109.07084655761719,196.60714721679688,314.6092529296875
2020-09-17,107.32969665527344,194.55528259277344,311.8421325683594
2020-09-18,103.92517852783203,192.13902282714844,308.2519836425781
2020-09-21,107.07677459716797,194.20046997070312,304.8212890625
2020-09-22,108.75956726074219,198.8795928955078,307.9256896972656
2020-09-23,104.19752502441406,192.3307342529297,300.7846374511719
2020-09-24,105.26752471923828,194.82374572753906,301.5863037109375
2020-09-25,109.21674346923828,199.26312255859375,306.4620361328125
2020-09-28,111.82364654541016,200.81640625,311.5522155761719
2020-09-29,110.97735595703125,198.72616577148438,309.85546875
2020-09-30,112.65044403076172,201.66973876953125,312.2047424316406
2020-10-01,113.60372161865234,203.7120361328125,314.20916748046875
2020-10-02,109.93656158447266,197.70018005371094,311.2259216308594
2020-10-05,113.3216323852539,201.7176971435547,316.744873046875
2020-10-06,110.07274627685547,197.43174743652344,312.2420654296875
2020-10-07,111.94035339355469,201.1903076171875,317.67718505859375
2020-10-08,111.83336639404297,201.9095001220703,320.4926452636719
2020-10-09,113.77879333496094,206.92408752441406,323.3547058105469
2020-10-12,121.00611114501953,212.28395080566406,328.5566101074219
2020-10-13,117.79613494873047,213.683837890625,326.41241455078125
2020-10-14,117.8836898803711,211.76617431640625,324.3614196777344
2020-10-15,117.41676330566406,210.61557006835938,323.9606018066406
2020-10-16,115.77285766601562,210.61557006835938,323.7648010253906
2020-10-19,112.81580352783203,205.39959716796875,318.842529296875
2020-10-20,114.3040771484375,205.81187438964844,320.11968994140625
2020-10-21,113.6815185546875,205.95571899414062,319.513671875
2020-10-22,112.59208679199219,206.04200744628906,321.2663269042969
2020-10-23,111.90145111083984,207.32679748535156,322.35711669921875
2020-10-26,111.91117858886719,201.43003845214844,316.3999938964844
2020-10-27,113.41887664794922,204.469482421875,315.3092346191406
2020-10-28,108.16621398925781,194.33470153808594,304.5323181152344
2020-10-29,112.17381286621094,196.29074096679688,307.6274719238281
2020-10-30,105.89005279541016,194.13340759277344,304.4204406738281
2020-11-02,105.8025131225586,193.99911499023438,307.8325500488281
2020-11-03,107.42694854736328,197.93032836914062,313.2676086425781
2020-11-04,111.81388854980469,207.480224609375,320.26885986328125
2020-11-05,115.78260040283203,214.09613037109375,326.5149230957031
2020-11-06,115.65106964111328,214.5084228515625,326.4405212402344
2020-11-09,113.34174346923828,209.39788818359375,330.54241943359375
2020-11-10,113.00069427490234,202.32174682617188,330.05755615234375
2020-11-11,116.43057250976562,207.63363647460938,332.50946044921875
2020-11-12,116.15776062011719,206.56935119628906,329.2838439941406
2020-11-13,116.20647430419922,207.59524536132812,333.8424987792969
2020-11-16,117.21984100341797,208.28564453125,338.0097961425781
2020-11-17,116.33312225341797,205.6297149658203,336.19195556640625
2020-11-18,115.00794982910156,202.9187469482422,332.1459045410156
2020-11-19,115.60232543945312,204.20692443847656,333.544189453125
2020-11-20,114.33561706542969,202.25540161132812,331.26025390625
2020-11-23,110.93497467041016,201.9862060546875,333.2458801269531
2020-11-24,112.2211685180664,205.5912322998047,338.61572265625
2020-11-25,113.05916595458984,205.60084533691406,338.09368896484375
2020-11-27,113.60481262207031,206.9082489013672,339.0353088378906
2020-11-30,116.00184631347656,205.7931365966797,337.5343017578125
2020-12-01,119.577880859375,207.85040283203125,341.22607421875
2020-12-02,119.92865753173828,207.0428466796875,341.94390869140625
2020-12-03,119.79224395751953,205.95655822753906,341.8506774902344
2020-12-04,119.11991119384766,206.07191467285156,344.79669189453125
2020-12-07,120.58149719238281,206.00460815429688,344.0881042480469
2020-12-08,121.19538116455078,207.65809631347656,345.094970703125
2020-12-09,118.66193389892578,203.6108856201172,341.9998474121094
2020-12-10,120.08456420898438,202.38038635253906,341.8880310058594
2020-12-11,119.27582550048828,205.01441955566406,341.4871826171875
2020-12-14,118.66193389892578,205.91810607910156,339.958251953125
2020-12-15,124.60575866699219,205.850830078125,344.55426025390625
2020-12-16,124.53753662109375,210.8016357421875,345.094970703125
2020-12-17,125.40477752685547,210.93624877929688,347.0247497558594
2020-12-18,123.4169921875,210.1383514404297,345.6391296386719
2020-12-21,124.94676971435547,213.98370361328125,344.4031982421875
2020-12-22,128.5033416748047,215.28150939941406,343.8227844238281
2020-12-23,127.60688781738281,212.4744110107422,344.1317443847656
2020-12-24,128.59103393554688,214.13748168945312,345.4706115722656
2020-12-28,133.190185546875,216.2620849609375,348.4384765625
2020-12-29,131.4167938232422,215.48338317871094,347.773681640625
2020-12-30,130.29623413085938,213.10887145996094,348.2698974609375
2020-12-31,129.29257202148438,213.82029724121094,350.0393981933594
2021-01-04,126.0965805053711,209.27317810058594,345.27398681640625
2021-01-05,127.65559387207031,209.47503662109375,347.65191650390625
2021-01-06,123.35851287841797,204.04347229003906,349.73040771484375
2021-01-07,127.56793212890625,209.84994506835938,354.9265441894531
2021-01-08,128.6689910888672,211.1285400390625,356.9488220214844
2021-01-11,125.6775894165039,209.0808868408203,354.542724609375
2021-01-12,125.502197265625,206.61988830566406,354.6175537109375
2021-01-13,127.53868103027344,207.97532653808594,355.5725402832031
2021-01-14,125.6093978881836,204.78369140625,354.32733154296875
2021-01-15,123.88472747802734,204.427978515625,351.7433776855469
2021-01-19,124.55705261230469,208.0714874267578,354.50531005859375
2021-01-20,128.64952087402344,215.66607666015625,359.4111328125
2021-01-21,133.36558532714844,216.27171325683594,359.7388916015625
2021-01-22,135.5092315673828,217.21380615234375,358.46551513671875
2021-01-25,139.26071166992188,220.65538024902344,359.8792419433594
2021-01-26,139.49453735351562,223.3471221923828,359.3175048828125
2021-01-27,138.4226837158203,223.8950958251953,350.53564453125
2021-01-28,133.57992553710938,229.69189453125,353.5502624511719
2021-01-29,128.581298828125,222.991455078125,346.472412109375
2021-02-01,130.70545959472656,230.3841094970703,352.23956298828125
2021-02-02,131.53375244140625,230.24949645996094,357.2203674316406
2021-02-03,130.51060485839844,233.60455322265625,357.5012512207031
2021-02-04,133.8722686767578,232.65284729003906,361.5644836425781
2021-02-05,133.45750427246094,232.8355255126953,362.9875183105469
2021-02-08,133.6038818359375,233.09506225585938,365.6090087890625
2021-02-09,132.72560119628906,234.34483337402344,365.3655700683594
2021-02-10,132.12060546875,233.43154907226562,365.20635986328125
2021-02-11,131.8668670654297,235.0369415283203,365.7962341308594
2021-02-12,132.10107421875,235.5176239013672,367.6032409667969
2021-02-16,129.9737548828125,234.27752685546875,367.2849426269531
2021-02-17,127.6804428100586,235.29885864257812,367.3691101074219
2021-02-18,126.5777816772461,234.9037628173828,365.80560302734375
2021-02-19,126.7339096069336,232.18658447265625,365.15960693359375
2021-02-22,122.95736694335938,225.96205139160156,362.35089111328125
2021-02-23,122.82074737548828,224.76730346679688,362.7909240722656
2021-02-24,122.32304382324219,226.00059509277344,366.7886657714844
2021-02-25,118.06832122802734,220.64328002929688,357.9505615234375
2021-02-26,118.3318099975586,223.90972900390625,356.106201171875
2021-03-01,124.70411682128906,228.30348205566406,364.7382507324219
2021-03-02,122.09861755371094,225.3453826904297,361.8921813964844
2021-03-03,119.11248779296875,219.26539611816406,357.09857177734375
2021-03-04,117.22909545898438,218.46560668945312,352.6795654296875
2021-03-05,118.48796081542969,223.1581573486328,359.167724609375
2021-03-08,113.55013275146484,219.10159301757812,357.3794860839844
2021-03-09,118.1659164428711,225.2586669921875,362.48199462890625
2021-03-10,117.08273315429688,223.94825744628906,364.7382507324219
2021-03-11,119.01490783691406,228.486572265625,368.43646240234375
2021-03-12,118.10736846923828,227.15684509277344,368.9325866699219
2021-03-15,120.99589538574219,226.25112915039062,371.1328125
2021-03-16,122.5377426147461,229.04542541503906,370.6646423339844
2021-03-17,121.7472915649414,228.3998260498047,371.92864990234375
2021-03-18,117.61943817138672,222.31021118164062,366.5172424316406
2021-03-19,117.09249114990234,221.95372009277344,365.8389892578125
2021-03-22,120.4103775024414,227.3881378173828,368.7602233886719
2021-03-23,119.58090209960938,228.92018127441406,365.8577575683594
2021-03-24,117.1900634765625,226.87744140625,363.9979248046875
2021-03-25,117.6780014038086,223.87110900878906,366.045654296875
2021-03-26,118.28302764892578,227.8602294921875,371.9444580078125
2021-03-29,118.45867156982422,226.66546630859375,371.7565002441406
2021-03-30,117.00465393066406,223.39901733398438,370.770263671875
2021-03-31,119.20032501220703,227.17613220214844,372.2731628417969
2021-04-01,120.02979278564453,233.51629638671875,376.2933349609375
2021-04-05,122.85977935791016,239.99136352539062,381.6944580078125
2021-04-06,123.16228485107422,238.82545471191406,381.4690246582031
2021-04-07,124.81146240234375,240.79110717773438,381.9103698730469
2021-04-08,127.21206665039062,244.01898193359375,383.7232666015625
2021-04-09,129.7882843017578,246.52423095703125,386.5129699707031
2021-04-12,128.07080078125,246.58204650878906,386.6539001464844
2021-04-13,131.18374633789062,249.0679931640625,387.7998352050781
2021-04-14,128.8417510986328,246.273681640625,386.4754333496094
2021-04-15,131.25209045410156,250.04115295410156,390.62713623046875
2021-04-16,130.9203338623047,251.23599243164062,391.9327697753906
2021-04-19,131.58389282226562,249.30886840820312,390.00714111328125
2021-04-20,129.89564514160156,248.84634399414062,387.1517333984375
2021-04-21,130.2762451171875,251.08181762695312,390.8149719238281
2021-04-22,128.75392150878906,247.7960968017578,387.24560546875
2021-04-23,131.07643127441406,251.63107299804688,391.4443054199219
2021-04-26,131.46676635742188,252.0164337158203,392.2614440917969
2021-04-27,131.14474487304688,252.421142578125,392.1769104003906
2021-04-28,130.3543243408203,245.28121948242188,392.0642395019531
2021-04-29,130.2567138671875,243.30593872070312,394.5628662109375
2021-04-30,128.28550720214844,242.98797607421875,391.97027587890625
2021-05-03,129.33941650390625,242.6796417236328,392.815673828125
2021-05-04,124.7626724243164,238.75802612304688,390.39227294921875
2021-05-05,125.00664520263672,237.486083984375,390.5143737792969
2021-05-06,126.60706329345703,240.62728881835938,393.63287353515625
2021-05-07,127.28154754638672,243.2577667236328,396.4977722167969
2021-05-10,123.99708557128906,238.17025756835938,392.57147216796875
2021-05-11,123.0782470703125,237.25482177734375,389.0678405761719
2021-05-12,120.00885009765625,230.2884063720703,380.8020324707031
2021-05-13,122.15937805175781,234.17149353027344,385.3765563964844
2021-05-14,124.58360290527344,239.10487365722656,391.2940368652344
2021-05-17,123.43012237548828,236.24314880371094,390.29840087890625
2021-05-18,122.04207611083984,234.21969604492188,386.9356994628906
2021-05-19,121.88568115234375,234.79913330078125,385.92120361328125
2021-05-20,124.44673156738281,238.0441436767578,390.0728759765625
2021-05-21,122.6090316772461,236.77899169921875,389.7535400390625
2021-05-24,124.24147033691406,242.19699096679688,393.7267761230469
2021-05-25,124.04595947265625,243.10484313964844,392.8531799316406
2021-05-26,123.99708557128906,242.88265991210938,393.63287353515625
2021-05-27,122.46240997314453,240.77731323242188,393.83953857421875
2021-05-28,121.80746459960938,241.13462829589844,394.5440979003906
2021-06-01,121.4848861694336,238.9326629638672,394.196533203125
2021-06-02,122.2473373413086,238.83607482910156,394.8164978027344
2021-06-03,120.76154327392578,237.30052185058594,393.35113525390625
2021-06-04,123.05867004394531,242.2066650390625,396.9486083984375
2021-06-07,123.06846618652344,245.12327575683594,396.5635070800781
2021-06-08,123.88956451416016,243.92575073242188,396.64801025390625
2021-06-09,124.27079772949219,244.91079711914062,396.0562744140625
2021-06-10,123.27373504638672,248.4358367919922,397.8973083496094
2021-06-11,124.48583984375,249.06365966796875,398.5548400878906
2021-06-14,127.54544830322266,250.99520874023438,399.4472351074219
2021-06-15,126.72433471679688,249.5175018310547,398.71453857421875
2021-06-16,127.22289276123047,248.5711212158203,396.4884338378906
2021-06-17,128.8260040283203,251.97059631347656,396.3568115234375
2021-06-18,127.52592468261719,250.5509490966797,391.0097961425781
2021-06-21,129.32452392578125,253.64141845703125,396.6075439453125
2021-06-22,130.9667205810547,256.4228820800781,398.72784423828125
2021-06-23,130.6930389404297,256.1910705566406,398.247314453125
2021-06-24,130.40956115722656,257.5625,400.6032409667969
2021-06-25,130.11631774902344,255.94961547851562,402.0262451171875
2021-06-28,131.74876403808594,259.5229797363281,402.8366394042969
2021-06-29,133.26390075683594,262.1112976074219,403.0534362792969
2021-06-30,133.87973022460938,261.62835693359375,403.39263916015625
2021-07-01,134.1827850341797,262.3044128417969,405.62603759765625
2021-07-02,136.81224060058594,268.1474304199219,408.72650146484375
2021-07-06,138.82589721679688,268.1569519042969,407.98199462890625
2021-07-07,141.318603515625,270.3492736816406,409.4238586425781
2021-07-08,140.01849365234375,267.9252624511719,406.0877990722656
2021-07-09,141.846435546875,268.4274597167969,410.4227600097656
2021-07-12,141.2501678466797,267.8286437988281,411.8928527832031
2021-07-13,142.364501953125,271.36334228515625,410.48870849609375
2021-07-14,145.7955322265625,272.84100341796875,411.10125732421875
2021-07-15,145.140625,271.4116516113281,409.69708251953125
2021-07-16,143.0976104736328,271.14129638671875,406.483642578125
2021-07-19,139.24623107910156,267.52923583984375,400.48077392578125
2021-07-20,142.86302185058594,269.7601623535156,406.2197570800781
2021-07-21,142.1298828125,271.7689514160156,409.50860595703125
2021-07-22,143.49839782714844,276.34674072265625,410.3662109375
2021-07-23,145.21881103515625,279.7559814453125,414.58807373046875
2021-07-26,145.63917541503906,279.1572265625,415.60577392578125
2021-07-27,143.4691162109375,276.7331237792969,413.71160888671875
2021-07-28,141.71939086914062,276.4240417480469,413.5420837402344
2021-07-29,142.364501953125,276.6944274902344,415.257080078125
2021-07-30,142.5795135498047,275.1589050292969,413.24041748046875
2021-08-02,142.24720764160156,275.0719909667969,412.3734130859375
2021-08-03,144.04579162597656,277.2932434082031,415.7283630371094
2021-08-04,143.64505004882812,276.7041015625,413.68341064453125
2021-08-05,143.75253295898438,279.6110534667969,416.30322265625
2021-08-06,143.06729125976562,279.5531921386719,416.9910583496094
2021-08-09,143.01832580566406,278.46185302734375,416.65179443359375
2021-08-10,142.53866577148438,276.63653564453125,417.170166015625
2021-08-11,142.7931671142578,277.129150390625,418.2067565917969
2021-08-12,145.75946044921875,279.89117431640625,419.4600830078125
2021-08-13,145.96502685546875,282.8271789550781,420.2234191894531
2021-08-16,147.9425811767578,284.5172424316406,421.21295166015625
2021-08-17,147.0321044921875,283.0492248535156,418.4518127441406
2021-08-18,143.28265380859375,281.3172607421875,413.871826171875
2021-08-19,143.61550903320312,287.1616516113281,414.51263427734375
2021-08-20,145.07420349121094,294.5058288574219,417.8109130859375
2021-08-23,146.56219482421875,294.7865295410156,421.4862365722656
2021-08-24,146.47410583496094,292.82220458984375,422.15521240234375
2021-08-25,145.2406005859375,292.2320251464844,423.0411682128906
2021-08-26,144.4378204345703,289.40655517578125,420.5438232421875
2021-08-27,145.47557067871094,290.0160827636719,424.303955078125
2021-08-30,149.90054321289062,293.7608642578125,426.1698303222656
2021-08-31,148.6376495361328,292.106201171875,425.5384216308594
2021-09-01,149.30332946777344,292.05780029296875,425.76458740234375
2021-09-02,150.4193878173828,291.39984130859375,427.0744934082031
2021-09-03,151.05572509765625,291.39019775390625,426.9708251953125
2021-09-07,153.3954620361328,290.4613037109375,425.4441223144531
2021-09-08,151.84869384765625,290.49029541015625,424.9259338378906
2021-09-09,150.83056640625,287.6260986328125,423.1071472167969
2021-09-10,145.83775329589844,286.135986328125,419.7710876464844
2021-09-13,146.4055633544922,287.37457275390625,420.8453674316406
2021-09-14,145.00564575195312,290.0838928222656,418.5743103027344
2021-09-15,145.89649963378906,294.9510498046875,422.0704650878906
2021-09-16,145.6615447998047,295.3381042480469,421.4013977050781
2021-09-17,142.98899841308594,290.1612854003906,417.2965393066406
2021-09-20,139.9345703125,284.7716064453125,410.33837890625
2021-09-21,140.4142608642578,285.2554626464844,409.9508056640625
2021-09-22,142.7834014892578,288.91302490234375,413.9497985839844
2021-09-23,143.7427978515625,289.8613586425781,418.9793395996094
2021-09-24,143.8308868408203,289.6581115722656,419.6694641113281
2021-09-27,142.31344604492188,284.6458740234375,418.46881103515625
2021-09-28,138.92623901367188,274.3405456542969,410.0358581542969
2021-09-29,139.8268585205078,274.8050537109375,410.7260437011719
2021-09-30,138.5248260498047,272.79248046875,405.7060241699219
2021-10-01,139.6506805419922,279.739990234375,410.52752685546875
2021-10-04,136.2144317626953,273.94390869140625,405.2333068847656
2021-10-05,138.14306640625,279.41094970703125,409.44976806640625
2021-10-06,139.0143280029297,283.6200866699219,411.15142822265625
2021-10-07,140.2771759033203,285.3038330078125,414.7061462402344
2021-10-08,139.8953857421875,285.3038330078125,413.9497985839844
2021-10-11,139.80731201171875,284.70391845703125,410.95294189453125
2021-10-12,138.5346221923828,283.39764404296875,409.9413146972656
2021-10-13,137.94725036621094,286.716552734375,411.4162292480469
2021-10-14,140.73731994628906,292.947998046875,418.33642578125
2021-10-15,141.7946014404297,294.36077880859375,421.52239990234375
2021-10-18,143.46864318847656,297.341064453125,422.77032470703125
2021-10-19,145.6322021484375,298.25067138671875,426.031982421875
2021-10-20,146.1216583251953,297.4571533203125,427.7053527832031
2021-10-21,146.33705139160156,300.6987609863281,428.82080078125
2021-10-22,145.56369018554688,299.15057373046875,428.37652587890625
2021-10-25,145.5146942138672,298.15386962890625,430.6737976074219
2021-10-26,146.18043518066406,300.0697937011719,431.06146240234375
2021-10-27,145.72032165527344,312.7069091796875,429.1517333984375
2021-10-28,149.36212158203125,313.8487243652344,433.2926330566406
2021-10-29,146.6503448486328,320.8833312988281,434.17181396484375
2021-11-01,145.82797241210938,318.7061462402344,434.91864013671875
2021-11-02,146.86569213867188,322.3444519042969,436.6770935058594
2021-11-03,148.30477905273438,323.1863098144531,439.34307861328125
2021-11-04,147.7859344482422,325.54730224609375,441.4134826660156
2021-11-05,148.31536865234375,325.1795959472656,442.9450378417969
2021-11-08,147.49180603027344,326.0794372558594,443.3232116699219
2021-11-09,147.8545684814453,325.0731201171875,441.8578796386719
2021-11-10,145.0211944580078,320.0899353027344,438.3031311035156
2021-11-11,144.9722137451172,321.6670837402344,438.4449768066406
2021-11-12,147.05062866210938,325.8182067871094,441.75384521484375
2021-11-15,147.06045532226562,325.1893005371094,441.90509033203125
2021-11-16,148.04086303710938,328.5179443359375,443.6540832519531
2021-11-17,150.48204040527344,328.74090576171875,442.5763244628906
2021-11-18,154.7761993408203,330.8250427246094,444.07952880859375
2021-11-19,157.40367126464844,332.60870361328125,443.285400390625
2021-11-22,157.86447143554688,329.4290466308594,442.0374755859375
2021-11-23,158.246826171875,327.3449401855469,442.6236267089844
2021-11-24,158.76644897460938,327.5679016113281,443.8053283691406
2021-11-26,153.73696899414062,319.5897521972656,433.90704345703125
2021-11-29,157.09976196289062,326.3270263671875,439.2296142578125
2021-11-30,162.06063842773438,320.471923828125,430.6832580566406
2021-12-01,161.54100036621094,319.9775695800781,425.899658203125
2021-12-02,160.55078125,319.4056396484375,432.4228210449219
2021-12-03,158.6683807373047,313.1239318847656,428.66015625
2021-12-06,162.08021545410156,316.2065734863281,433.7369079589844
2021-12-07,167.82534790039062,324.66937255859375,442.7087097167969
2021-12-08,171.64894104003906,324.71783447265625,443.8809814453125
2021-12-09,171.13914489746094,322.9051208496094,440.8841552734375
2021-12-10,175.9332733154297,332.0561828613281,445.0343017578125
2021-12-13,172.2960205078125,329.01226806640625,441.092041015625
2021-12-14,170.91363525390625,318.2908020019531,438.05731201171875
2021-12-15,175.78623962402344,324.4076843261719,444.9020080566406
2021-12-16,168.8842010498047,314.9560546875,440.9786682128906
2021-12-17,167.78616333007812,313.8897399902344,436.285400390625
2021-12-20,166.4234161376953,310.1188659667969,431.64617919921875
2021-12-21,169.59988403320312,317.2729187011719,439.3116760253906
2021-12-22,172.1979522705078,323.0020751953125,443.7043151855469
2021-12-23,172.82540893554688,324.44647216796875,446.46502685546875
2021-12-27,176.79605102539062,331.96893310546875,452.783447265625
2021-12-28,175.77642822265625,330.8056640625,452.4134521484375
2021-12-29,175.86468505859375,331.48431396484375,452.9922180175781
2021-12-30,174.70779418945312,328.93475341796875,451.73992919921875
2021-12-31,174.09017944335938,326.0265197753906,450.6014099121094
2022-01-03,178.44314575195312,324.504638671875,453.21044921875
2022-01-04,176.17840576171875,318.9402770996094,453.0586242675781
2022-01-05,171.49205017089844,306.6968688964844,444.35888671875
2022-01-06,168.62928771972656,304.2733459472656,443.9414367675781
2022-01-07,168.7959442138672,304.4284362792969,442.1863098144531
2022-01-10,168.81556701660156,304.65142822265625,441.6360778808594
2022-01-11,171.64894104003906,305.3396911621094,445.65869140625
2022-01-12,172.090087890625,308.529052734375,446.8634948730469
2022-01-13,168.81556701660156,295.4712219238281,440.7063293457031
2022-01-14,169.67832946777344,300.7059631347656,440.8865966796875
2022-01-18,166.47242736816406,293.38702392578125,433.07867431640625
2022-01-19,162.97238159179688,294.0462646484375,428.581787109375
2022-01-20,161.28607177734375,292.3691711425781,423.8381652832031
2022-01-21,159.22726440429688,286.9696350097656,415.5179748535156
2022-01-24,158.45272827148438,287.2992248535156,417.28253173828125
2022-01-25,156.64874267578125,279.660400390625,412.18798828125
2022-01-26,156.56051635742188,287.62884521484375,411.1539306640625
2022-01-27,156.0997314453125,290.6630554199219,409.1236877441406
2022-01-28,166.99200439453125,298.82537841796875,419.284423828125
2022-01-31,171.3548126220703,301.4620666503906,426.83612060546875
2022-02-01,171.1881561279297,299.3100891113281,429.7203063964844
2022-02-02,172.39404296875,303.8662109375,433.89459228515625
2022-02-03,169.51165771484375,292.0298767089844,423.6959533691406
2022-02-04,169.2269744873047,296.57635498046875,425.68817138671875
2022-02-07,168.51039123535156,291.7391052246094,424.3220520019531
2022-02-08,171.62222290039062,295.23858642578125,427.8133850097656
2022-02-09,173.04559326171875,301.6850280761719,434.0748291015625
2022-02-10,168.96194458007812,293.1253356933594,426.27642822265625
2022-02-11,165.54579162597656,286.0099792480469,417.8708190917969
2022-02-14,165.7813720703125,285.9712219238281,416.5046691894531
2022-02-15,169.61962890625,291.2738037109375,423.2215270996094
2022-02-16,169.38406372070312,290.93377685546875,423.6959533691406
2022-02-17,165.7813720703125,282.4146423339844,414.6451721191406
2022-02-18,164.23037719726562,279.6947021484375,411.9603576660156
2022-02-22,161.3050537109375,279.49078369140625,407.5392761230469
2022-02-23,157.13304138183594,272.2537841796875,400.31005859375
2022-02-24,159.75404357910156,286.1642150878906,406.33441162109375
2022-02-25,161.82533264160156,288.8064270019531,415.2997131347656
2022-02-28,162.09036254882812,290.24407958984375,414.2373046875
2022-03-01,160.2056121826172,286.5139465332031,407.9282531738281
2022-03-02,163.5039825439453,291.60406494140625,415.4326477050781
2022-03-03,163.18002319335938,287.4561767578125,413.3643798828125
2022-03-04,160.17616271972656,281.5694885253906,410.0059814453125
2022-03-07,156.37713623046875,270.93267822265625,397.9192810058594
2022-03-08,154.55130004882812,267.9601745605469,394.9023742675781
2022-03-09,159.96017456054688,280.2484130859375,405.4900817871094
2022-03-10,155.6114959716797,277.42156982421875,403.6590270996094
2022-03-11,151.89100646972656,272.05950927734375,398.5265197753906
2022-03-14,147.85643005371094,268.5332946777344,395.6138610839844
2022-03-15,152.24440002441406,278.9369812011719,404.313720703125
2022-03-16,156.661865234375,285.969970703125,413.2790222167969
2022-03-17,157.67295837402344,286.7762451171875,418.4495544433594
2022-03-18,160.97129821777344,291.837158203125,423.0326843261719
2022-03-21,162.3456268310547,290.603515625,422.90899658203125
2022-03-22,165.72250366210938,295.3633728027344,427.85760498046875
2022-03-23,167.08700561523438,290.9241027832031,422.3475341796875
2022-03-24,170.8761749267578,295.4022216796875,428.7141418457031
2022-03-25,171.51425170898438,294.9941711425781,430.8077392578125
2022-03-28,172.37808227539062,301.8134765625,433.87213134765625
2022-03-29,175.67645263671875,306.3887023925781,439.2394714355469
2022-03-30,174.5082550048828,304.883056640625,436.5272521972656
2022-03-31,171.40628051757812,299.4917907714844,429.80859375
2022-04-01,171.11175537109375,300.5700988769531,431.0267028808594
2022-04-04,175.16598510742188,305.9613037109375,434.7191162109375
2022-04-05,171.84799194335938,301.9883117675781,429.2279968261719
2022-04-06,168.67724609375,290.93377685546875,424.9360656738281
2022-04-07,168.9815673828125,292.7502746582031,427.07720947265625
2022-04-08,166.96920776367188,288.4761657714844,425.935302734375
2022-04-11,162.70884704589844,277.10107421875,418.65509033203125
2022-04-12,164.5837860107422,273.99261474609375,417.1038513183594
2022-04-13,167.2734832763672,279.3935546875,421.88116455078125
2022-04-14,162.2572784423828,271.82635498046875,416.6280212402344
2022-04-18,162.04132080078125,272.49664306640625,416.79937744140625
2022-04-19,164.3285675048828,277.13995361328125,423.52752685546875
2022-04-20,164.16163635253906,278.1695861816406,423.2135314941406
2022-04-21,163.3665313720703,272.77838134765625,416.8849792480469
2022-04-22,158.8214874267578,266.1922302246094,405.446044921875
2022-04-25,159.8914794921875,272.6909484863281,407.796630859375
2022-04-26,153.92303466796875,262.49127197265625,395.98651123046875
2022-04-27,153.69728088378906,275.1194763183594,397.0998840332031
2022-04-28,160.63751220703125,281.34613037109375,407.1304626464844
2022-04-29,154.75743103027344,269.5824890136719,392.08465576171875
2022-05-02,155.06173706054688,276.33367919921875,394.44476318359375
2022-05-03,156.55384826660156,273.7206726074219,396.2529296875
2022-05-04,162.97386169433594,281.68609619140625,408.32000732421875
2022-05-05,153.89356994628906,269.4173278808594,393.80712890625
2022-05-06,154.62106323242188,266.87225341796875,391.4565734863281
2022-05-09,149.4893035888672,257.0125427246094,378.923095703125
2022-05-10,151.8979034423828,261.7918395996094,379.7986755371094
2022-05-11,144.02330017089844,253.0977783203125,373.76519775390625
2022-05-12,140.1499481201172,248.04656982421875,373.375
2022-05-13,144.6230010986328,253.65151977539062,382.30157470703125
2022-05-16,143.0795440673828,254.02069091796875,380.7503356933594
2022-05-17,146.7169952392578,259.1884765625,388.5825500488281
2022-05-18,138.4393768310547,247.38772583007812,372.9181823730469
2022-05-19,135.0279998779297,246.47250366210938,370.6342468261719
2022-05-20,135.2639617919922,245.9077606201172,370.79595947265625
2022-05-23,140.6906280517578,253.78468322753906,377.733642578125
2022-05-24,137.9871368408203,252.78179931640625,374.85003662109375
2022-05-25,138.14443969726562,255.60545349121094,378.161865234375
2022-05-26,141.34930419921875,258.89642333984375,385.718017578125
2022-05-27,147.11024475097656,266.0430603027344,395.1871032714844
2022-05-31,146.32374572753906,264.70916748046875,392.9696350097656
2022-06-01,146.19593811035156,265.2446594238281,389.7911071777344
2022-06-02,148.6536865234375,267.3477478027344,397.2141418457031
2022-06-03,142.9222412109375,262.9078674316406,390.69525146484375
2022-06-06,143.6693878173828,261.6713562011719,391.88482666015625
2022-06-07,146.19593811035156,265.3226013183594,395.6438903808594
2022-06-08,145.45864868164062,263.2876281738281,391.3423767089844
2022-06-09,140.22857666015625,257.8157043457031,382.0351257324219
2022-06-10,134.81170654296875,246.3264617919922,370.957763671875
2022-06-13,129.65049743652344,235.8790740966797,356.8731689453125
2022-06-14,130.5155792236328,238.05035400390625,355.7977600097656
2022-06-15,133.14048767089844,245.1288299560547,360.87017822265625
2022-06-16,127.86125946044922,238.5177001953125,348.9267272949219
2022-06-17,129.3358917236328,241.12709045410156,349.67901611328125
2022-06-21,133.572998046875,247.05670166015625,358.48162841796875
2022-06-22,133.0618133544922,246.46273803710938,357.8318176269531
2022-06-23,135.9324493408203,252.0417938232422,361.3394775390625
2022-06-24,139.26513671875,260.6490173339844,372.8277893066406
2022-06-27,139.26513671875,257.91302490234375,371.4036865234375
2022-06-28,135.11647033691406,249.72451782226562,363.8148498535156
2022-06-29,136.87620544433594,253.405029296875,363.51861572265625
2022-06-30,134.40866088867188,250.06529235839844,360.5652770996094
2022-07-01,136.581298828125,252.7428436279297,364.37872314453125
2022-07-05,139.16680908203125,255.92672729492188,365.06695556640625
2022-07-06,140.50381469726562,259.1982116699219,366.29986572265625
2022-07-07,143.87586975097656,261.3305358886719,371.7860412597656
2022-07-08,144.55418395996094,260.6100769042969,371.4801940917969
2022-07-11,142.42086791992188,257.5429992675781,367.23651123046875
2022-07-12,143.39414978027344,246.988525390625,363.9869079589844
2022-07-13,143.03038024902344,246.06356811523438,362.0752868652344
2022-07-14,145.9600067138672,247.38772583007812,361.1960144042969
2022-07-15,147.6312713623047,249.9582061767578,368.0967712402344
2022-07-18,144.5836944580078,247.55323791503906,365.0574035644531
2022-07-19,148.44725036621094,252.69419860839844,374.9209289550781
2022-07-20,150.45274353027344,255.3620147705078,377.3103332519531
2022-07-21,152.72372436523438,257.86431884765625,381.152587890625
2022-07-22,151.48501586914062,253.50238037109375,377.6162414550781
2022-07-25,150.36427307128906,252.0126190185547,378.0749816894531
2022-07-26,149.03712463378906,245.26513671875,373.6020202636719
2022-07-27,154.13934326171875,261.6615905761719,383.3031005859375
2022-07-28,154.68988037109375,269.12957763671875,388.1105651855469
2022-07-29,159.7626190185547,273.3455505371094,393.768798828125
2022-08-01,158.779541015625,270.68743896484375,392.6027526855469
2022-08-02,157.30491638183594,267.58148193359375,390.0125427246094
2022-08-03,163.3214569091797,275.02996826171875,396.1199645996094
2022-08-04,163.00686645507812,276.1789245605469,395.8523864746094
2022-08-05,162.78042602539062,275.4584045410156,395.1833190917969
2022-08-08,162.3079071044922,272.9366149902344,394.7245178222656
2022-08-09,162.3571319580078,274.86444091796875,393.1570129394531
2022-08-10,166.6099853515625,281.54376220703125,401.4150085449219
2022-08-11,165.87167358398438,279.46014404296875,401.4150085449219
2022-08-12,169.42555236816406,284.2213439941406,408.2105407714844
2022-08-15,170.49859619140625,285.74017333984375,409.8926086425781
2022-08-16,170.34107971191406,285.00030517578125,410.6955261230469
2022-08-17,171.8374481201172,284.2489318847656,407.7803955078125
2022-08-18,171.4436798095703,283.12689208984375,408.965576171875
2022-08-19,168.8545684814453,279.2044372558594,403.4698791503906
2022-08-22,164.96595764160156,271.0083312988281,395.0686340332031
2022-08-23,164.6312255859375,269.73004150390625,394.1128845214844
2022-08-24,164.9265594482422,269.09588623046875,395.3744812011719
2022-08-25,167.38771057128906,272.08160400390625,400.95623779296875
2022-08-26,161.07730102539062,261.58282470703125,387.38427734375
2022-08-29,158.8721160888672,258.7922058105469,384.8227844238281
2022-08-30,156.44052124023438,256.58709716796875,380.59820556640625
2022-08-31,154.77679443359375,255.12344360351562,377.7022399902344
2022-09-01,155.50527954101562,254.0793914794922,378.887451171875
2022-09-02,153.388671875,249.8447723388672,374.8923034667969
2022-09-06,152.12857055664062,247.1029815673828,373.477783203125
2022-09-07,153.53634643554688,251.8254852294922,380.18731689453125
2022-09-08,152.05967712402344,252.24505615234375,382.6722412109375
2022-09-09,154.92446899414062,258.0408935546875,388.6171569824219
2022-09-12,160.8902587890625,260.177734375,392.7938537597656
2022-09-13,151.44927978515625,245.8735809326172,375.7142639160156
2022-09-14,152.8964385986328,246.09796142578125,377.1478576660156
2022-09-15,150.0021514892578,239.4240264892578,372.8659973144531
2022-09-16,148.35806274414062,238.799560546875,370.02142333984375
2022-09-19,152.07937622070312,238.5848846435547,372.8909912109375
2022-09-20,154.46176147460938,236.56512451171875,368.6107482910156
2022-09-21,151.3311767578125,233.1501007080078,362.1807556152344
2022-09-22,150.3664093017578,235.13079833984375,359.13848876953125
2022-09-23,148.09230041503906,232.14508056640625,353.1212158203125
2022-09-26,148.42703247070312,231.68649291992188,349.6278991699219
2022-09-27,149.40164184570312,230.6717529296875,348.7353515625
2022-09-28,147.511474609375,235.21864318847656,355.59722900390625
2022-09-29,140.26585388183594,231.7352752685547,348.1691589355469
2022-09-30,136.05233764648438,227.24691772460938,342.78521728515625
2022-10-03,140.23629760742188,234.8966522216797,351.8351745605469
2022-10-04,143.82958984375,242.83909606933594,362.73736572265625
2022-10-05,144.1249237060547,243.1513214111328,361.892822265625
2022-10-06,143.16998291015625,240.79977416992188,358.15960693359375
2022-10-07,137.91297912597656,228.55441284179688,348.1691589355469
2022-10-10,138.2378692626953,223.68551635742188,345.51080322265625
2022-10-11,136.8202362060547,219.93873596191406,343.3226623535156
2022-10-12,136.190185546875,220.27049255371094,342.1902160644531
2022-10-13,140.76788330078125,228.55441284179688,351.2210693359375
2022-10-14,136.2295379638672,223.0122833251953,343.21710205078125
2022-10-17,140.19692993164062,231.76455688476562,352.0367431640625
2022-10-18,141.51611328125,232.7109832763672,356.1729736328125
2022-10-19,141.62440490722656,230.74000549316406,353.6490478515625
2022-10-20,141.16171264648438,230.4180450439453,350.68353271484375
2022-10-21,144.9813995361328,236.2431640625,359.2056884765625
2022-10-24,147.12750244140625,241.2486114501953,363.60113525390625
2022-10-25,149.97259521484375,244.5758514404297,369.40728759765625
2022-10-26,147.02906799316406,225.7052764892578,366.6241760253906
2022-10-27,142.5498046875,221.2462158203125,364.6663818359375
2022-10-28,153.3197784423828,230.14483642578125,373.34197998046875
2022-10-31,150.9570770263672,226.49562072753906,370.6452941894531
2022-11-01,148.3089141845703,222.6317138671875,369.02337646484375
2022-11-02,142.77621459960938,214.75762939453125,359.7622985839844
2022-11-03,136.72178649902344,209.0496063232422,356.05792236328125
2022-11-04,136.4555206298828,216.0163116455078,361.18267822265625
2022-11-07,136.98800659179688,222.3389892578125,364.6375732421875
2022-11-08,137.55996704101562,223.31478881835938,366.6049499511719
2022-11-09,132.99436950683594,219.06060791015625,359.05218505859375
2022-11-10,144.82748413085938,237.08224487304688,378.7835388183594
2022-11-11,147.6181182861328,241.11203002929688,382.4496154785156
2022-11-14,146.21788024902344,235.68698120117188,379.1961975097656
2022-11-15,147.953369140625,236.0967559814453,382.4303894042969
2022-11-16,146.7207794189453,236.5272979736328,379.512939453125
2022-11-17,148.6239471435547,236.47837829589844,378.35162353515625
2022-11-18,149.1859893798828,236.02828979492188,380.0695495605469
2022-11-21,145.95162963867188,236.8404083251953,378.6875305175781
2022-11-22,148.09144592285156,239.75628662109375,383.7835693359375
2022-11-23,148.9690704345703,242.25140380859375,386.2019958496094
2022-11-25,146.0502471923828,242.16334533691406,386.1156005859375
2022-11-28,142.21435546875,236.55670166015625,379.954345703125
2022-11-29,139.20672607421875,235.15744018554688,379.30181884765625
2022-11-30,145.97134399414062,249.64869689941406,391.2500305175781
2022-12-01,146.24742126464844,249.20838928222656,390.962158203125
2022-12-02,145.75437927246094,249.53126525878906,390.51104736328125
2022-12-05,144.5908203125,244.8150177001953,383.48602294921875
2022-12-06,140.92254638671875,239.84432983398438,377.95819091796875
2022-12-07,138.9799346923828,239.11048889160156,377.31524658203125
2022-12-08,140.66615295410156,242.0752716064453,380.2710876464844
2022-12-09,140.1829833984375,240.13787841796875,377.4303894042969
2022-12-12,142.48056030273438,247.07528686523438,382.8718566894531
2022-12-13,143.44696044921875,251.39036560058594,385.7701721191406
2022-12-14,141.21839904785156,251.68392944335938,383.3037414550781
2022-12-15,134.60166931152344,243.65060424804688,373.92742919921875
2022-12-16,132.63934326171875,239.42359924316406,369.5128479003906
2022-12-19,130.52911376953125,235.27484130859375,366.37945556640625
2022-12-20,130.4600830078125,236.59579467773438,366.8808898925781
2022-12-21,133.56626892089844,239.16917419433594,372.3666076660156
2022-12-22,130.3910369873047,233.06349182128906,367.0543212890625
2022-12-23,130.02622985839844,233.59185791015625,369.16571044921875
2022-12-27,128.22166442871094,231.85997009277344,367.7099609375
2022-12-28,124.28716278076172,229.48228454589844,363.14007568359375
2022-12-29,127.80748748779297,235.8227996826172,369.6767578125
2022-12-30,128.12303161621094,234.658447265625,368.7029113769531
2023-01-03,123.33064270019531,234.42359924316406,367.1507873535156
2023-01-04,124.60271453857422,224.16915893554688,369.9853210449219
2023-01-05,123.28132629394531,217.52528381347656,365.7624816894531
2023-01-06,127.8173599243164,220.08888244628906,374.15020751953125
2023-01-09,128.33998107910156,222.2317657470703,373.93804931640625
2023-01-10,128.9119110107422,223.9245147705078,376.5604248046875
2023-01-11,131.633544921875,230.69557189941406,381.3231506347656
2023-01-12,131.55465698242188,233.3765869140625,382.71142578125
2023-01-13,132.8858642578125,234.0811004638672,384.1961669921875
2023-01-17,134.04945373535156,235.17701721191406,383.49237060546875
2023-01-18,133.3296356201172,230.73472595214844,377.4378356933594
2023-01-19,133.38877868652344,226.93824768066406,374.6900939941406
2023-01-20,135.95263671875,235.0498046875,381.6701965332031
2023-01-23,139.14756774902344,237.3590087890625,386.2497253417969
2023-01-24,140.5478057861328,236.8306121826172,385.8350830078125
2023-01-25,139.88714599609375,235.43142700195312,385.979736328125
2023-01-26,141.95794677734375,242.662353515625,390.22186279296875
2023-01-27,143.90052795410156,242.8189239501953,391.118408203125
2023-01-30,141.0112762451172,237.4862060546875,386.21112060546875
2023-01-31,142.28338623046875,242.47642517089844,391.8896789550781
2023-02-01,143.40748596191406,247.31011962890625,396.0546569824219
2023-02-02,148.7225341796875,258.90509033203125,401.8199462890625
2023-02-03,152.35134887695312,252.7895965576172,397.5490417480469
2023-02-06,149.61988830566406,251.24356079101562,395.1195373535156
2023-02-07,152.499267578125,261.8013610839844,400.287109375
2023-02-08,149.8072509765625,260.9892578125,395.9100646972656
2023-02-09,148.7718505859375,257.9461669921875,392.47784423828125
2023-02-10,149.13723754882812,257.43731689453125,393.39373779296875
2023-02-13,151.94203186035156,265.4804992675781,398.0118103027344
2023-02-14,151.3001251220703,266.3121643066406,397.82867431640625
2023-02-15,153.4036865234375,264.1835632324219,399.12054443359375
2023-02-16,151.80377197265625,257.1502990722656,393.6251220703125
2023-02-17,150.6581573486328,253.13827514648438,392.6417236328125
2023-02-21,146.63864135742188,247.85108947753906,384.7650146484375
2023-02-22,147.0633087158203,246.71322631835938,384.2347412109375
2023-02-23,147.5472412109375,249.91102600097656,386.2786560058594
2023-02-24,144.89059448242188,244.4668731689453,382.1522521972656
2023-02-27,146.08558654785156,245.38893127441406,383.45379638671875
2023-02-28,145.58189392089844,244.66307067871094,382.0365295410156
2023-03-01,143.5079345703125,241.5731658935547,380.57110595703125
2023-03-02,144.10052490234375,246.32086181640625,383.5309143066406
2023-03-03,149.15701293945312,250.42112731933594,389.6819152832031
2023-03-06,151.9222869873047,251.97097778320312,389.951904296875
2023-03-07,149.719970703125,249.30284118652344,383.9743957519531
2023-03-08,150.97418212890625,248.8614501953125,384.6011047363281
2023-03-09,148.72247314453125,247.5077667236328,377.5052795410156
2023-03-10,146.6583709716797,243.84889221191406,372.05810546875
2023-03-13,148.6039581298828,249.0772247314453,371.52777099609375
2023-03-14,150.69764709472656,255.81622314453125,377.669189453125
2023-03-15,151.09271240234375,260.3775939941406,375.3070983886719
2023-03-16,153.917236328125,270.932373046875,381.8919982910156
2023-03-17,153.0777587890625,274.1007080078125,377.42657470703125
2023-03-20,155.44802856445312,267.0380554199219,381.0557861328125
2023-03-21,157.30465698242188,268.5585021972656,386.0592346191406
2023-03-22,155.8726806640625,267.09686279296875,379.4783020019531
2023-03-23,156.95901489257812,272.364501953125,380.5041809082031
2023-03-24,158.2626953125,275.218994140625,383.0010986328125
2023-03-27,156.31707763671875,271.1089172363281,383.7171936035156
2023-03-28,155.69491577148438,269.9808349609375,382.8558654785156
2023-03-29,158.7762451171875,275.16009521484375,388.4206237792969
2023-03-30,160.3464813232422,278.63262939453125,390.6949462890625
2023-03-31,162.85498046875,282.8015441894531,396.20166015625
2023-04-03,164.10922241210938,281.751953125,397.71136474609375
2023-04-04,163.5759735107422,281.7029113769531,395.5048522949219
2023-04-05,161.72911071777344,278.9170227050781,394.46929931640625
2023-04-06,162.61801147460938,286.03863525390625,396.00811767578125
2023-04-10,160.02061462402344,283.87078857421875,396.4145812988281
2023-04-11,158.8058624267578,277.43585205078125,396.52093505859375
2023-04-12,158.1145477294922,278.0832824707031,394.90478515625
2023-04-13,163.50682067871094,284.3121643066406,400.15020751953125
2023-04-14,163.16116333007812,280.6827697753906,399.1727294921875
2023-04-17,163.180908203125,283.2919921875,400.6050720214844
2023-04-18,164.40553283691406,282.8702087402344,400.8663330078125
2023-04-19,165.55113220214844,282.94873046875,400.79864501953125
2023-04-20,164.58328247070312,280.6533203125,398.6114196777344
2023-04-21,162.97352600097656,280.3099670410156,398.92108154296875
2023-04-24,163.27964782714844,276.39605712890625,399.3373107910156
2023-04-25,161.73902893066406,270.1672668457031,392.99822998046875
2023-04-26,161.72911071777344,289.7366943359375,391.3336181640625
2023-04-27,166.32151794433594,299.0163269042969,399.12432861328125
2023-04-28,167.57571411132812,301.3999938964844,402.53094482421875
2023-05-01,167.48683166503906,299.7323913574219,402.12445068359375
2023-05-02,166.44984436035156,299.5851745605469,397.60491943359375
2023-05-03,165.37338256835938,298.59454345703125,394.875732421875
2023-05-04,163.73397827148438,299.5851745605469,392.0788879394531
2023-05-05,171.41751098632812,304.72528076171875,399.3373107910156
2023-05-08,171.34835815429688,302.7633972167969,399.4437255859375
2023-05-09,169.63980102539062,301.1449279785156,397.6920166015625
2023-05-10,171.40762329101562,306.3536376953125,399.5501708984375
2023-05-11,171.59524536132812,304.19561767578125,398.85333251953125
2023-05-12,170.66563415527344,303.07733154296875,398.3307800292969
2023-05-15,170.171142578125,303.5580139160156,399.70501708984375
2023-05-16,170.171142578125,305.7944641113281,397.033935546875
2023-05-17,170.78428649902344,308.6847229003906,401.853515625
2023-05-18,173.11825561523438,313.1282043457031,405.72467041015625
2023-05-19,173.22705078125,312.9512939453125,405.1342468261719
2023-05-22,172.2776336669922,315.74322509765625,405.298828125
2023-05-23,169.66677856445312,309.9234313964844,400.750244140625
2023-05-24,169.94366455078125,308.5372619628906,397.84686279296875
2023-05-25,171.0810089111328,320.4029541015625,401.2921142578125
2023-05-26,173.49404907226562,327.2549743652344,406.4891662597656
2023-05-30,175.3434295654297,325.6033630371094,406.64404296875
2023-05-31,175.29397583007812,322.8311767578125,404.38909912109375
2023-06-01,178.1026153564453,326.9501953125,408.2312316894531
2023-06-02,178.953125,329.72247314453125,414.1346435546875
2023-06-05,177.5982666015625,330.25335693359375,413.3410949707031
2023-06-06,177.23236083984375,328.0315856933594,414.2411804199219
2023-06-07,175.85769653320312,317.9059753417969,412.8088073730469
2023-06-08,178.5773468017578,319.754150390625,415.3057556152344
2023-06-09,178.96302795410156,321.25823974609375,416.0509033203125
2023-06-12,181.7617950439453,326.2325439453125,419.82525634765625
2023-06-13,181.28707885742188,328.63128662109375,422.5931396484375
2023-06-14,181.92002868652344,331.629638671875,423.0963439941406
2023-06-15,183.95729064941406,342.2075500488281,428.341796875
2023-06-16,182.8793182373047,336.5351867675781,426.88275146484375
2023-06-20,182.96832275390625,332.32763671875,424.6679992675781
2023-06-21,181.92991638183594,327.9136047363281,422.4921569824219
2023-06-22,184.9364013671875,333.95953369140625,424.0172119140625
2023-06-23,184.61990356445312,329.348876953125,420.8116149902344
2023-06-26,183.22547912597656,323.0375671386719,419.09228515625
2023-06-27,185.98468017578125,328.906494140625,423.68695068359375
2023-06-28,187.16156005859375,330.1649169921875,423.900634765625
2023-06-29,187.497802734375,329.37841796875,425.5713806152344
2023-06-30,191.82945251464844,334.7755432128906,430.59344482421875
2023-07-03,190.3361358642578,332.2686462402344,431.08880615234375
2023-07-05,189.21859741210938,332.4259338378906,430.44775390625
2023-07-06,189.6932830810547,335.4930725097656,427.0770263671875
2023-07-07,188.5757598876953,331.5116882324219,425.9988098144531
2023-07-10,186.52862548828125,326.212890625,427.0770263671875
2023-07-11,186.00445556640625,326.8420715332031,429.7969055175781
2023-07-12,187.67581176757812,331.4920654296875,433.2550354003906
2023-07-13,188.4373016357422,336.8595886230469,436.6937255859375
2023-07-14,188.5856475830078,339.3959655761719,436.4217224121094
2023-07-17,191.84922790527344,339.87762451171875,437.93707275390625
2023-07-18,191.5921173095703,353.4046936035156,441.191162109375
2023-07-19,192.9469757080078,349.0693054199219,442.1722717285156
2023-07-20,190.9987335205078,340.99835205078125,439.23870849609375
2023-07-21,189.82186889648438,337.9508056640625,439.23870849609375
2023-07-24,190.62294006347656,339.2680969238281,441.2008972167969
2023-07-25,191.4833221435547,345.03875732421875,442.4054870605469
2023-07-26,192.35362243652344,332.0523376464844,442.47344970703125
2023-07-27,191.08773803710938,325.1216735839844,439.5398254394531
2023-07-28,193.6689453125,332.6422424316406,443.843017578125
2023-07-31,194.2821044921875,330.2336730957031,444.6882019042969
2023-08-01,193.4513702392578,330.6465759277344,443.4156799316406
2023-08-02,190.45480346679688,321.9562072753906,437.24737548828125
2023-08-03,189.0603485107422,321.13043212890625,435.9942932128906
2023-08-04,179.98167419433594,322.2314453125,434.0224304199219
2023-08-07,176.87632751464844,324.5220031738281,437.8108215332031
2023-08-08,177.81582641601562,320.53076171875,435.9068908691406
2023-08-09,176.22360229492188,316.7754211425781,432.99273681640625
2023-08-10,176.00604248046875,317.46356201171875,433.148193359375
2023-08-11,176.06544494628906,315.5760803222656,432.8956298828125
2023-08-14,177.71925354003906,318.5548095703125,435.28521728515625
2023-08-15,175.72874450683594,316.4116516113281,430.2145690917969
2023-08-16,174.8572998046875,315.6432800292969,427.0576477050781
2023-08-17,172.3122100830078,312.1755676269531,423.80352783203125
2023-08-18,172.79747009277344,311.781494140625,424.0074768066406
2023-08-21,174.13436889648438,317.101318359375,426.7662048339844
2023-08-22,175.5108642578125,317.6726989746094,425.6101989746094
2023-08-23,179.36312866210938,322.1452941894531,430.3505859375
2023-08-24,174.6691436767578,315.21966552734375,424.3863525390625
2023-08-25,176.87747192382812,318.1849670410156,427.3781433105469
2023-08-28,178.44216918945312,318.8942565917969,430.08831787109375
2023-08-29,182.3340301513672,323.5343017578125,436.30517578125
2023-08-30,185.82977294921875,323.90875244140625,438.1021728515625
2023-08-31,186.0476837158203,322.89398193359375,437.46112060546875
2023-09-01,187.62225341796875,323.7806701660156,438.2770080566406
2023-09-05,187.8599090576172,328.5980529785156,436.3828430175781
2023-09-06,181.13577270507812,327.9380187988281,433.44927978515625
2023-09-07,175.83767700195312,325.0120849609375,432.1184387207031
2023-09-08,176.45164489746094,329.3074035644531,432.7693176269531
2023-09-11,177.6202392578125,332.9228515625,435.6155090332031
2023-09-12,174.58990478515625,326.844482421875,433.22589111328125
2023-09-13,172.52020263671875,331.07073974609375,433.73095703125
2023-09-14,174.03533935546875,333.6716003417969,437.4708557128906
2023-09-15,173.31239318847656,325.3175048828125,432.2000427246094
2023-09-18,176.24371337890625,324.1747131347656,432.4535217285156
2023-09-19,177.33302307128906,323.7707824707031,431.5566711425781
2023-09-20,173.78778076171875,316.00775146484375,427.5892333984375
2023-09-21,172.24290466308594,314.7861633300781,420.52178955078125
2023-09-22,173.0945587158203,312.3035888671875,419.5762634277344
2023-09-25,174.37205505371094,312.82574462890625,421.3406982421875
2023-09-26,170.29200744628906,307.5058898925781,415.150634765625
2023-09-27,168.77684020996094,308.14630126953125,415.3163757324219
2023-09-28,169.03431701660156,308.9836730957031,417.7241516113281
2023-09-29,169.54928588867188,311.06231689453125,416.7103576660156
2023-10-02,172.06463623046875,317.0224304199219,416.5446472167969
2023-10-03,170.72772216796875,308.7373962402344,410.9687194824219
2023-10-04,171.97549438476562,314.224609375,413.96136474609375
2023-10-05,173.21339416503906,314.61865234375,413.8053894042969
2023-10-06,175.7683563232422,322.4014587402344,418.71844482421875
2023-10-09,177.2538299560547,324.9233703613281,421.3992004394531
2023-10-10,176.65965270996094,323.5146789550781,423.5924987792969
2023-10-11,178.0559539794922,327.4848937988281,425.3276672363281
2023-10-12,178.9571533203125,326.2435302734375,422.7346496582031
2023-10-13,177.1151885986328,322.8644714355469,420.6290283203125
2023-10-16,176.98641967773438,327.7015380859375,425.0546875
2023-10-17,175.431640625,327.1301574707031,425.0351867675781
2023-10-18,174.13436889648438,325.2090759277344,419.3715515136719
2023-10-19,173.758056640625,326.40118408203125,415.6868591308594
2023-10-20,171.2030792236328,321.8201904296875,410.5788879394531
2023-10-23,171.32191467285156,324.43084716796875,409.8672180175781
2023-10-24,171.7576446533203,325.6228942871094,412.9573669433594
2023-10-25,169.4403533935547,335.61236572265625,407.03045654296875
2023-10-26,165.27117919921875,323.0220947265625,402.156494140625
2023-10-27,166.5883026123047,324.9136047363281,400.3335876464844
2023-10-30,168.63819885253906,332.30218505859375,405.119873046875
2023-10-31,169.11355590820312,333.0903015136719,407.6641540527344
2023-11-01,172.2825164794922,340.93218994140625,412.01177978515625
2023-11-02,175.8475799560547,343.1487731933594,419.90771484375
2023-11-03,174.93649291992188,347.56219482421875,423.73870849609375
2023-11-06,177.49147033691406,351.23687744140625,424.7135009765625
2023-11-07,180.05638122558594,355.1775207519531,425.9222106933594
2023-11-08,181.115966796875,357.8078918457031,426.2342224121094
2023-11-09,180.640625,355.3350830078125,422.91009521484375
2023-11-10,184.8351287841797,364.18182373046875,429.509521484375
2023-11-13,183.24855041503906,361.2362060546875,429.10009765625
2023-11-14,185.8663787841797,364.7729187011719,437.4250183105469
2023-11-15,186.43161010742188,364.9209899902344,438.3510437011719
2023-11-16,188.11734008789062,371.33746337890625,438.88720703125
2023-11-17,188.09750366210938,365.0986633300781,439.4330749511719
2023-11-20,189.8427276611328,372.5911865234375,442.81573486328125
2023-11-21,189.03952026367188,368.2773132324219,441.8505859375
2023-11-22,189.70388793945312,372.9958801269531,443.5564880371094
2023-11-24,188.3751678466797,372.5812683105469,443.8294677734375
2023-11-27,188.1966552734375,373.7461242675781,443.0301513671875
2023-11-28,188.80154418945312,377.7835693359375,443.4687805175781
2023-11-29,187.7801971435547,373.9830627441406,443.1568603515625
2023-11-30,188.35531616210938,374.0422668457031,444.9017639160156
2023-12-01,189.6344757080078,369.69879150390625,447.5337829589844
2023-12-04,187.8396759033203,364.39776611328125,445.1844787597656
2023-12-05,191.7961883544922,367.7343444824219,445.09674072265625
2023-12-06,190.70542907714844,364.0621337890625,443.3030700683594
2023-12-07,192.63905334472656,366.18450927734375,446.6856384277344
2023-12-08,194.0669403076172,369.4223937988281,448.6060791015625
2023-12-11,191.55821228027344,366.5299987792969,450.3509216308594
2023-12-12,193.0753631591797,369.5704345703125,452.40777587890625
2023-12-13,196.29808044433594,369.56060791015625,458.64654541015625
2023-12-14,196.44679260253906,361.2290344238281,460.1184997558594
2023-12-15,195.9113311767578,365.9673767089844,459.3608703613281
2023-12-18,194.24546813964844,367.8626403808594,461.9448547363281
2023-12-19,195.28665161132812,368.46484375,464.75390625
2023-12-20,193.1943359375,365.8587341308594,458.3136901855469
2023-12-21,193.0455780029297,368.7412414550781,462.6593933105469
2023-12-22,191.9746856689453,369.7679138183594,463.58917236328125
2023-12-26,191.42929077148438,369.84686279296875,465.54669189453125
2023-12-27,191.52845764160156,369.26446533203125,466.3883972167969
2023-12-28,191.95486450195312,370.4588928222656,466.5645446777344
2023-12-29,190.91366577148438,371.2091064453125,465.2138977050781
2024-01-02,184.0814971923828,366.10552978515625,462.6103820800781
2024-01-03,182.7031707763672,365.8389892578125,458.8323974609375
2024-01-04,180.38282775878906,363.2132263183594,457.3544616699219
2024-01-05,179.65895080566406,363.0256042480469,457.9809265136719
2024-01-08,184.00216674804688,369.8764953613281,464.51898193359375
2024-01-09,183.58570861816406,370.9623718261719,463.81427001953125
2024-01-10,184.62689208984375,377.8526611328125,466.4373474121094
2024-01-11,184.03189086914062,379.68878173828125,466.2318115234375
2024-01-12,184.35914611816406,383.47943115234375,466.5547790527344
2024-01-16,182.08837890625,385.2563171386719,464.8419494628906
2024-01-17,181.1463623046875,384.4665832519531,462.2580871582031
2024-01-18,187.04640197753906,388.8100280761719,466.3688049316406
2024-01-19,189.95181274414062,393.54840087890625,472.1826477050781
2024-01-22,192.26222229003906,391.4161682128906,473.18096923828125
2024-01-23,193.54136657714844,393.77545166015625,474.56103515625
2024-01-24,192.86712646484375,397.3884582519531,475.07977294921875
2024-01-25,192.53985595703125,399.66876220703125,477.6636962890625
2024-01-26,190.8045654296875,398.7408142089844,477.0569152832031
2024-01-29,190.120361328125,404.4564208984375,480.8349304199219
2024-01-30,186.46136474609375,403.3409729003906,480.4629821777344
2024-01-31,182.85189819335938,392.472412109375,472.62310791015625
2024-02-01,185.29127502441406,398.5927429199219,478.8088684082031
2024-02-02,184.2897491455078,405.9372253417969,483.8494873046875
2024-02-05,186.1043701171875,400.438720703125,482.0876159667969
2024-02-06,187.71078491210938,400.2807922363281,483.48736572265625
2024-02-07,187.8198699951172,408.7308349609375,487.5198059082031
2024-02-08,186.739013671875,408.7900390625,487.7351379394531
2024-02-09,187.50350952148438,415.1473083496094,490.5539245605469
2024-02-12,185.81564331054688,409.92529296875,490.33868408203125
2024-02-13,183.72067260742188,401.10015869140625,483.5851745605469
2024-02-14,182.83702087402344,404.9769592285156,487.9798583984375
2024-02-15,182.54908752441406,402.0792541503906,491.3467712402344
2024-02-16,181.0101318359375,399.6067810058594,488.8998718261719
2024-02-20,180.26548767089844,398.3507385253906,486.2082824707031
2024-02-21,181.02008056640625,397.74749755859375,486.64874267578125
2024-02-22,183.05545043945312,407.11309814453125,496.7201232910156
2024-02-23,181.21864318847656,405.81756591796875,497.062744140625
2024-02-26,179.86831665039062,403.04840087890625,495.2422180175781
2024-02-27,181.32785034179688,402.98907470703125,496.1622009277344
2024-02-28,180.12648010253906,403.2264404296875,495.5065002441406
2024-02-29,179.46128845214844,409.08123779296875,497.2878112792969
2024-03-01,178.37904357910156,410.9206848144531,501.9565124511719
2024-03-04,173.8515625,410.3470764160156,501.4181823730469
2024-03-05,168.90704345703125,398.2122802734375,496.40692138671875
2024-03-06,167.91416931152344,397.6584777832031,498.9223327636719
2024-03-07,167.7950439453125,404.63079833984375,503.8748779296875
2024-03-08,169.5126953125,401.7430114746094,500.85052490234375
2024-03-11,171.51829528808594,400.0616760253906,500.41986083984375
2024-03-12,171.994873046875,410.703125,505.8030700683594
2024-03-13,169.9098663330078,410.5251159667969,505.0102233886719
2024-03-14,171.76651000976562,420.5335388183594,504.0119323730469
2024-03-15,171.38922119140625,411.83056640625,500.5510559082031
2024-03-18,172.4813995361328,412.72064208984375,503.5259094238281
2024-03-19,174.82456970214844,416.76556396484375,506.3241271972656
2024-03-20,177.39610290527344,420.54351806640625,511.0072021484375
2024-03-21,170.14813232421875,424.6378479003906,512.6959838867188
2024-03-22,171.05166625976562,424.0147705078125,511.7239685058594
2024-03-25,169.63185119628906,418.1995544433594,510.3101806640625
2024-03-26,168.49998474121094,417.0028991699219,509.36767578125
2024-03-27,172.07431030273438,416.7853088378906,513.6482543945312
2024-03-28,170.25735473632812,416.08319091796875,513.5501708984375
2024-04-01,168.8177032470703,419.8907470703125,512.6566772460938
2024-04-02,167.63619995117188,416.79522705078125,509.3970947265625
2024-04-03,168.44041442871094,415.816162109375,509.9566955566406
2024-04-04,167.61631774902344,413.27447509765625,503.73211669921875
2024-04-05,168.37091064453125,420.83026123046875,508.9945983886719
2024-04-08,167.24896240234375,419.9104919433594,509.27923583984375
2024-04-09,168.46026611328125,421.58184814453125,509.8683166503906
2024-04-10,166.58375549316406,418.5951232910156,504.7629699707031
2024-04-11,173.79196166992188,423.21368408203125,508.5723571777344
2024-04-12,175.29119873046875,417.2501525878906,501.5525207519531
2024-04-15,171.45872497558594,409.08123779296875,495.26898193359375
2024-04-16,168.17233276367188,410.01080322265625,494.3657531738281
2024-04-17,166.8021697998047,407.3009948730469,491.43994140625
2024-04-18,165.8489990234375,399.814453125,490.4286804199219
2024-04-19,163.8235626220703,394.7212219238281,486.1480407714844
2024-04-22,164.65757751464844,396.5409240722656,490.62506103515625
2024-04-23,165.7100067138672,403.0780944824219,496.4471435546875
2024-04-24,167.8148956298828,404.5516662597656,496.2115173339844
2024-04-25,168.67869567871094,394.64208984375,494.3264465332031
2024-04-26,168.09288024902344,401.8418884277344,499.00970458984375
2024-04-29,172.262939453125,397.8167419433594,500.7768859863281
2024-04-30,169.11553955078125,385.0390930175781,492.8439025878906
2024-05-01,168.09288024902344,390.5872497558594,491.2436218261719
2024-05-02,171.7963104248047,393.4552917480469,495.83837890625
2024-05-03,182.072509765625,402.1781311035156,501.9844970703125
2024-05-06,180.4144287109375,408.9823303222656,507.1683654785156
2024-05-07,181.09950256347656,404.8285827636719,507.7279968261719
2024-05-08,181.43707275390625,406.0153503417969,507.7771301269531
2024-05-09,183.25405883789062,407.7757568359375,510.7029113769531
2024-05-10,181.99134826660156,410.1690673828125,511.36077880859375
2024-05-13,185.20269775390625,409.1602783203125,511.4292907714844
2024-05-14,186.34605407714844,411.9690246582031,513.7759399414062
2024-05-15,188.62281799316406,419.1718444824219,520.137939453125
2024-05-16,188.74209594726562,417.10113525390625,519.06787109375
2024-05-17,188.77194213867188,416.328369140625,519.81396484375
2024-05-20,189.93515014648438,421.4109802246094,520.412841796875
2024-05-21,191.23757934570312,425.0768127441406,521.689208984375
2024-05-22,189.7959747314453,426.5431213378906,520.1870727539062
2024-05-23,185.79922485351562,423.0556335449219,516.3875122070312
2024-05-24,188.88128662109375,426.18646240234375,519.8041381835938
2024-05-28,188.89122009277344,426.3450012207031,520.1674194335938
2024-05-29,189.18951416015625,425.2056579589844,516.5249633789062
2024-05-30,190.1837158203125,410.8395690917969,513.0984497070312
2024-05-31,191.13816833496094,411.2953186035156,517.7717895507812
2024-06-03,192.90786743164062,409.7001647949219,518.1939697265625
2024-06-04,193.2260284423828,412.22662353515625,518.7733154296875
2024-06-05,194.7372283935547,420.09326171875,524.93896484375
2024-06-06,193.35525512695312,420.5985412597656,524.9291381835938
2024-06-07,195.7513427734375,419.93475341796875,524.2909545898438
2024-06-10,192.0031280517578,423.9175720214844,525.9109497070312
2024-06-11,205.9519805908203,428.6831970214844,527.177490234375
2024-06-12,211.83778381347656,436.98577880859375,531.5072021484375
2024-06-13,213.00100708007812,437.5009460449219,532.5774536132812
2024-06-14,211.2611083984375,438.4818115234375,532.9014892578125
2024-06-17,215.4169464111328,444.2282409667969,537.1427001953125
2024-06-18,213.05068969726562,442.21697998046875,538.5075073242188
2024-06-20,208.4673614501953,441.58294677734375,537.0445556640625
2024-06-21,206.2900390625,445.6252136230469,536.3246459960938
2024-06-24,206.93626403808594,443.5347595214844,534.5811157226562
2024-06-25,207.86090087890625,446.784423828125,536.6397705078125
2024-06-26,212.01670837402344,447.9832763671875,537.3095092773438
2024-06-27,212.86180114746094,448.6668701171875,538.1566162109375
2024-06-28,209.40191650390625,442.82135009765625,536.0389404296875
2024-07-01,215.49647521972656,452.51104736328125,537.14208984375
2024-07-02,218.99610900878906,455.0374450683594,540.7568969726562
2024-07-03,220.2687225341797,456.513671875,543.1700439453125
2024-07-05,225.031005859375,463.240966796875,546.3023071289062
2024-07-08,226.50245666503906,461.9331970214844,546.9326782226562
2024-07-09,227.35748291015625,455.2950744628906,547.464599609375
2024-07-10,231.63262939453125,461.94305419921875,552.8818969726562
2024-07-11,226.25392150878906,450.49981689453125,548.1146240234375
2024-07-12,229.20672607421875,449.3603820800781,551.5718383789062
2024-07-15,233.04440307617188,449.7666015625,553.0887451171875
2024-07-16,233.4619903564453,445.3675842285156,556.36865234375
2024-07-17,227.5563201904297,439.42303466796875,548.5678100585938
2024-07-18,222.8834991455078,436.3021545410156,544.35205078125
2024-07-19,223.0127410888672,433.0722351074219,540.7371826171875
2024-07-22,222.664794921875,438.848388671875,546.3121337890625
2024-07-23,223.70870971679688,440.7407531738281,545.4552001953125
2024-07-24,217.276123046875,424.9381103515625,533.0938110351562
2024-07-25,216.23220825195312,414.5351257324219,530.3162231445312
2024-07-26,216.69949340820312,421.34161376953125,536.255615234375
2024-07-29,216.97787475585938,422.78814697265625,536.57080078125
2024-07-30,217.53460693359375,419.0133972167969,533.852294921875
2024-07-31,220.795654296875,414.4855651855469,542.5299072265625
2024-08-01,217.09716796875,413.2569885253906,534.8471069335938
2024-08-02,218.58848571777344,404.7166442871094,524.8890991210938
2024-08-05,208.0597381591797,391.4998474121094,509.6024475097656
2024-08-06,206.03152465820312,395.9186706542969,514.3006591796875
2024-08-07,208.60655212402344,394.7495422363281,510.8631591796875
2024-08-08,212.07638549804688,398.97021484375,522.6729736328125
2024-08-09,214.9894561767578,402.2694396972656,524.9777221679688
2024-08-12,216.5222930908203,403.0521545410156,525.2536010742188
2024-08-13,220.24497985839844,410.1856689453125,533.8917236328125
2024-08-14,220.69288635253906,413.00933837890625,535.5759887695312
2024-08-15,223.6790008544922,417.8926086425781,544.755859375
2024-08-16,225.00283813476562,415.35174560546875,545.9772338867188
2024-08-19,224.8435821533203,418.3889465332031,551.1975708007812
2024-08-20,225.46067810058594,421.63458251953125,550.3013305664062
2024-08-21,225.35121154785156,420.9794921875,552.1923828125
2024-08-22,223.4898681640625,412.4534606933594,547.8585205078125
2024-08-23,225.78916931152344,413.6842346191406,553.6796875
2024-08-26,226.12759399414062,410.4088439941406,552.3598022460938
2024-08-27,226.97364807128906,410.7562255859375,553.1182250976562
2024-08-28,225.4407958984375,407.54034423828125,549.9072875976562
2024-08-29,228.72549438476562,410.0415954589844,549.9564208984375
2024-08-30,227.93917846679688,414.03167724609375,555.2064208984375
2024-09-03,221.738037109375,406.3890380859375,543.7808227539062
2024-09-04,219.82693481445312,405.8530578613281,542.667724609375
2024-09-05,221.34982299804688,405.34686279296875,541.3478393554688
2024-09-06,219.79705810546875,398.70672607421875,532.2369384765625
2024-09-09,219.8866424560547,402.6967468261719,538.1959838867188
2024-09-10,219.09034729003906,411.11358642578125,540.5402221679688
2024-09-11,221.6285400390625,419.8876953125,546.0856323242188
2024-09-12,221.738037109375,423.81817626953125,550.6853637695312
2024-09-13,221.4692840576172,427.3814392089844,553.5615234375
2024-09-16,215.3179168701172,428.1258239746094,554.3790893554688
2024-09-17,215.7857208251953,431.9074401855469,554.60546875
2024-09-18,219.66766357421875,427.5997619628906,552.960693359375
2024-09-19,227.80975341796875,435.42108154296875,562.3966064453125
2024-09-20,227.1428680419922,432.0265197753906,561.4244995117188
2024-09-23,225.42088317871094,430.2796630859375,562.827392578125
2024-09-24,226.3167266845703,425.9720153808594,564.4378051757812
2024-09-25,225.3213348388672,428.89007568359375,563.1929321289062
2024-09-26,226.46603393554688,428.09600830078125,565.42578125
2024-09-27,226.73477172851562,424.8305358886719,564.6057739257812
2024-09-30,231.92063903808594,427.0935974121094,566.8682861328125
2024-10-01,225.162109375,417.55523681640625,561.7900390625
2024-10-02,225.7294464111328,414.021728515625,562.027099609375
2024-10-03,224.6245880126953,413.4361267089844,560.9996337890625
2024-10-04,225.74935913085938,412.959716796875,566.0977172851562
2024-10-07,220.6630401611328,406.48828125,560.9798583984375
2024-10-08,224.72412109375,411.6197509765625,566.2853393554688
2024-10-09,228.47666931152344,414.3492431640625,570.207763671875
2024-10-10,227.97898864746094,412.7413024902344,569.2098388671875
2024-10-11,226.49588012695312,413.2177734375,572.618408203125
2024-10-14,230.228515625,416.0167541503906,577.3013916015625
2024-10-15,232.76669311523438,415.61968994140625,572.8159790039062
2024-10-16,230.70628356933594,413.01922607421875,575.3057250976562
2024-10-17,231.07456970214844,413.6147766113281,575.3550415039062
2024-10-18,233.91136169433594,415.0440368652344,577.5681762695312
2024-10-21,235.38450622558594,415.659423828125,576.6197509765625
2024-10-22,234.76739501953125,424.32440185546875,576.3134155273438
2024-10-23,229.6909942626953,421.4360656738281,571.0474243164062
2024-10-24,229.5019073486328,421.5650939941406,572.282470703125
2024-10-25,230.33799743652344,424.9595642089844,572.0848999023438
2024-10-28,232.31878662109375,423.41119384765625,573.8533935546875
2024-10-29,232.58753967285156,428.7313232421875,574.7821044921875
2024-10-30,229.03407287597656,429.3069763183594,573.0431518554688
2024-10-31,224.8634796142578,403.3220520019531,561.8097534179688
2024-11-01,221.8773651123047,407.31207275390625,564.180908203125
2024-11-04,220.98153686523438,405.41632080078125,562.9656982421875
2024-11-05,222.4148712158203,408.3939514160156,569.7730102539062
2024-11-06,221.68824768066406,417.0489807128906,583.940673828125
2024-11-07,226.42620849609375,422.2598571777344,588.4558715820312
2024-11-08,226.15716552734375,419.39141845703125,591.0048217773438
2024-11-11,223.4368133544922,414.8951721191406,591.5680541992188
2024-11-12,223.4368133544922,419.87774658203125,589.7303466796875
2024-11-13,224.3236541748047,422.0315856933594,590.016845703125
2024-11-14,227.41270446777344,423.7090148925781,586.2229614257812
2024-11-15,224.2041015625,411.9075927734375,578.7142944335938
2024-11-18,227.21340942382812,412.66192626953125,581.08544921875
2024-11-19,227.4724884033203,414.67681884765625,583.2095947265625
2024-11-20,228.18994140625,412.3939208984375,583.4072265625
2024-11-21,227.71165466308594,410.6137390136719,586.5391845703125
2024-11-22,229.05686950683594,414.7211608886719,588.3569946289062
2024-11-25,232.04624938964844,416.5013732910156,590.352783203125
2024-11-26,234.228515625,425.6510925292969,593.435302734375
2024-11-27,234.0989532470703,420.67840576171875,591.6371459960938
2024-11-29,236.490478515625,421.1458435058594,595.3124389648438
2024-12-02,238.74246215820312,428.624755859375,596.3794555664062
2024-12-03,241.79165649414062,428.84356689453125,596.6561889648438
2024-12-04,242.150390625,435.0295715332031,600.3610229492188
2024-12-05,242.18026733398438,440.2011413574219,599.3731079101562
2024-12-06,241.98097229003906,441.1459655761719,600.50927734375
2024-12-09,245.8771514892578,443.58251953125,597.4169311523438
2024-12-10,246.8935546875,440.9072570800781,595.5595092773438
2024-12-11,245.6180877685547,446.5363464355469,600.1635131835938
2024-12-12,247.08287048339844,447.1032409667969,597.0711059570312
2024-12-13,247.2522735595703,444.82574462890625,596.9525146484375
2024-12-16,250.1519775390625,449.12213134765625,599.5015258789062
2024-12-17,252.58334350585938,451.9764099121094,597.0315551757812
2024-12-18,247.1725616455078,434.9997253417969,579.2379150390625
2024-12-19,248.90640258789062,434.6416931152344,579.06005859375
2024-12-20,253.58978271484375,434.21405029296875,586.01513671875
2024-12-23,254.3670196533203,432.8714599609375,589.5244140625
2024-12-24,257.28668212890625,436.9291076660156,596.0769653320312
2024-12-26,258.1037292480469,435.7157897949219,596.1166381835938
2024-12-27,254.6858673095703,428.1772155761719,589.8416137695312
2024-12-30,251.30787658691406,422.50836181640625,583.110595703125
2024-12-31,249.5341796875,419.1965637207031,580.9891357421875
2025-01-02,242.98741149902344,416.2925109863281,579.5617065429688
2025-01-03,242.49916076660156,421.0364990234375,586.8081665039062
2025-01-06,244.1333465576172,425.5118713378906,590.1885375976562
2025-01-07,241.3532257080078,420.0617980957031,583.5170288085938
2025-01-08,241.84149169921875,422.23980712890625,584.3695068359375
2025-01-10,236.01219177246094,416.6605224609375,575.4476928710938
2025-01-13,233.5708465576172,414.9101257324219,576.3399047851562
2025-01-14,232.45480346679688,413.3984375,577.1329345703125
2025-01-15,237.028564453125,423.98028564453125,587.6310424804688
2025-01-16,227.4525604248047,422.25970458984375,586.5008544921875
2025-01-17,229.1664581298828,426.6854248046875,592.3892822265625
2025-01-21,221.85243225097656,426.1583251953125,597.811767578125
2025-01-22,223.03823852539062,443.7616271972656,601.1723022460938
2025-01-23,222.86883544921875,444.2687683105469,604.4535522460938
2025-01-24,221.991943359375,441.63330078125,602.68896484375
2025-01-27,229.04690551757812,432.1852111816406,594.1636962890625
2025-01-28,237.4171905517578,444.7561340332031,599.26904296875
2025-01-29,238.5133056640625,439.9127197265625,596.58251953125
2025-01-30,236.7495574951172,412.7221374511719,599.784423828125
2025-01-31,235.16519165039062,412.791748046875,596.5924682617188
2025-02-03,227.2034454345703,408.67437744140625,592.57763671875
2025-02-04,231.97650146484375,410.116455078125,596.5527954101562
2025-02-05,231.64767456054688,411.0314636230469,598.9714965820312
2025-02-06,232.39501953125,413.5475769042969,601.0533447265625
2025-02-07,226.82479858398438,407.5107727050781,595.5515747070312
2025-02-10,227.0941162109375,409.96728515625,599.5960693359375
2025-02-11,232.052001953125,409.1915283203125,600.0521240234375
2025-02-12,236.29161071777344,406.8046569824219,598.1190795898438
2025-02-13,240.94024658203125,408.29644775390625,604.4337158203125
2025-02-14,244.00274658203125,406.1979675292969,604.4039916992188
2025-02-18,243.87306213378906,407.4013977050781,606.1784057617188
2025-02-19,244.27207946777344,412.5033264160156,607.6058959960938
2025-02-20,245.229736328125,414.6857604980469,605.078125
2025-02-21,244.95042419433594,406.793212890625,594.7288208007812
2025-02-24,246.49664306640625,402.59783935546875,592.0225219726562
2025-02-25,246.43678283691406,396.5190124511719,589.0783081054688
2025-02-26,239.77308654785156,398.3426818847656,589.3756103515625
2025-02-27,236.72056579589844,391.1676330566406,579.9680786132812
2025-02-28,241.24948120117188,395.6121520996094,589.018798828125
2025-03-03,237.4487762451172,387.14166259765625,578.69921875
2025-03-04,235.35391235351562,387.26123046875,571.8492431640625
2025-03-05,235.1643829345703,399.628173828125,577.995361328125
2025-03-06,234.75538635253906,395.5125427246094,567.7352905273438
2025-03-07,238.4862518310547,391.9449462890625,570.9173583984375
2025-03-10,226.92454528808594,378.840576171875,555.710693359375
2025-03-11,220.30076599121094,379.1296081542969,551.0911254882812
2025-03-12,216.45018005371094,381.9397888183594,554.0155029296875
2025-03-13,209.1680145263672,377.45538330078125,546.6302490234375
2025-03-14,212.96871948242188,387.21142578125,557.9212646484375
2025-03-17,213.4774627685547,387.3509521484375,562.2235717773438
2025-03-18,212.170654296875,382.1889343261719,556.1468505859375
2025-03-19,214.7144317626953,386.4739990234375,562.2037353515625
2025-03-20,213.5772247314453,385.4974060058594,560.5780029296875
2025-03-21,217.73703002929688,389.9020690917969,560.762939453125
2025-03-24,220.19102478027344,391.7157287597656,570.8053588867188
2025-03-25,223.2036590576172,393.7885437011719,572.177490234375
2025-03-26,220.9890594482422,388.6165466308594,565.3466796875
2025-03-27,223.30340576171875,389.2243957519531,563.8452758789062
2025-03-28,217.36793518066406,377.48529052734375,552.4904174804688
2025-03-31,221.58761596679688,374.087158203125,556.1991577148438
2025-04-01,222.64501953125,380.863525390625,557.7700805664062
2025-04-02,223.3433074951172,380.813720703125,561.2998657226562
2025-04-03,202.69386291503906,371.8150329589844,533.6386108398438
2025-04-04,187.92002868652344,358.5910949707031,502.3977966308594
2025-04-07,181.0169219970703,356.61798095703125,501.5029296875
2025-04-08,171.99899291992188,353.3294372558594,493.64801025390625
2025-04-09,198.3644561767578,389.1347351074219,545.4906005859375
2025-04-10,189.95504760742188,380.0264587402344,521.5877685546875
2025-04-11,197.66615295410156,387.101806640625,530.8943481445312
2025-04-14,202.02549743652344,386.4640197753906,536.0447387695312
2025-04-15,201.64642333984375,384.3912658691406,534.5433349609375
2025-04-16,193.79563903808594,370.32025146484375,522.6615600585938
2025-04-17,196.4990234375,366.5035400390625,523.4072265625
2025-04-21,192.68833923339844,357.87359619140625,510.94873046875
2025-04-22,199.25228881835938,365.5469055175781,524.2424926757812
2025-04-23,204.10043334960938,373.09063720703125,532.3658447265625
2025-04-24,207.8612060546875,385.9557800292969,543.5715942382812
2025-04-25,208.76898193359375,390.4900207519531,547.4990234375
2025-04-28,209.62689208984375,389.80242919921875,547.7078247070312
2025-04-29,210.69427490234375,392.67242431640625,551.1580200195312
2025-04-30,211.9811248779297,393.88818359375,551.3768310546875
2025-05-01,212.79913330078125,423.9235534667969,555.2843627929688
2025-05-02,204.8485870361328,433.769287109375,563.527099609375
2025-05-05,198.40435791015625,434.65618896484375,560.295654296875
2025-05-06,198.0252685546875,431.8061218261719,555.6124877929688
2025-05-07,195.7707977294922,431.8459777832031,557.9490966796875
2025-05-08,197.00778198242188,436.6492614746094,561.8367919921875
2025-05-09,198.0452423095703,437.2073059082031,561.1209716796875
2025-05-12,210.55104064941406,447.7007751464844,579.66455078125
2025-05-13,212.68861389160156,447.5812072753906,583.4925537109375
2025-05-14,212.08929443359375,451.36798095703125,584.23828125
2025-05-15,211.21029663085938,452.3863220214844,587.0919189453125
2025-05-16,211.0205078125,453.5244445800781,590.8106079101562
2025-05-19,208.54331970214844,458.11688232421875,591.4568481445312
2025-05-20,206.62550354003906,457.4180603027344,589.46826171875
2025-05-21,201.86090087890625,451.8272399902344,579.5352783203125
2025-05-22,201.13172912597656,454.11346435546875,579.7639770507812
2025-05-23,195.04864501953125,449.441162109375,575.806640625
2025-05-27,199.98304748535156,459.93389892578125,587.7780151367188
2025-05-28,200.1927947998047,456.609375,584.37744140625
2025-05-29,199.72332763671875,457.9272155761719,586.6842651367188
2025-05-30,200.622314453125,459.60443115234375,586.0280151367188
2025-06-02,201.47134399414062,461.2118225097656,589.3291015625
2025-06-03,203.03956604003906,462.2101745605469,592.6898193359375
2025-06-04,202.590087890625,463.1086730957031,592.5307006835938
2025-06-05,200.40257263183594,466.91241455078125,589.6671142578125
2025-06-06,203.68882751464844,469.6080017089844,595.722412109375
2025-06-09,201.2216339111328,471.97412109375,596.2593383789062
2025-06-10,202.44024658203125,470.1471252441406,599.6399536132812
2025-06-11,198.55465698242188,471.8443298339844,597.9297485351562
2025-06-12,198.97418212890625,478.0840759277344,600.3060913085938
2025-06-13,196.227294921875,474.18048095703125,593.5946044921875
2025-06-16,198.195068359375,478.3536376953125,599.2421875
2025-06-17,195.418212890625,477.25543212890625,594.12158203125
2025-06-18,196.35714721679688,479.4518127441406,594.0321044921875
2025-06-20,200.7721405029297,476.6164855957031,592.636962890625
2025-06-23,201.27157592773438,485.2023620605469,598.49072265625
2025-06-24,200.07293701171875,489.30560302734375,605.1024169921875
2025-06-25,201.33151245117188,491.4620666503906,605.4414672851562
2025-06-26,200.7721405029297,496.6335754394531,610.1783447265625
2025-06-27,200.85205078125,495.1260681152344,613.2098999023438
2025-06-30,204.93740844726562,496.5936584472656,616.1417846679688
2025-07-01,207.58441162109375,491.242431640625,615.9423828125
2025-07-02,212.1991729736328,490.2840270996094,618.734619140625
2025-07-03,213.30792236328125,498.02130126953125,623.611083984375
2025-07-07,209.7119903564453,496.90313720703125,618.9639892578125
2025-07-08,209.7719268798828,495.804931640625,618.6249389648438
2025-07-09,210.90065002441406,502.68365478515625,622.3345947265625
2025-07-10,212.16920471191406,500.656982421875,624.0897827148438
2025-07-11,210.92062377929688,502.49395751953125,621.8958129882812
2025-07-14,208.3834991455078,502.1944274902344,623.08251953125
2025-07-15,208.87295532226562,504.9898376464844,620.419921875
2025-07-16,209.92176818847656,504.7901611328125,622.494140625
2025-07-17,209.78192138671875,510.8601989746094,626.3035888671875
2025-07-18,210.9405975341797,509.212890625,625.8449096679688
2025-07-21,212.23912048339844,509.2228698730469,627.0316162109375
2025-07-22,214.15695190429688,504.44073486328125,627.121337890625
2025-07-23,213.9072265625,505.0397644042969,632.4566040039062
2025-07-24,213.51766967773438,510.0415344238281,632.6659545898438
2025-07-25,213.63754272460938,512.866943359375,635.3385620117188
2025-07-28,213.80735778808594,511.65887451171875,635.1790161132812
2025-07-29,211.03050231933594,511.728759765625,633.503662109375
2025-07-30,208.81301879882812,512.3976440429688,632.7058715820312
2025-07-31,207.33470153808594,532.6243896484375,630.3324584960938
2025-08-01,202.1505889892578,523.2498168945312,620.0010375976562
2025-08-04,203.11949157714844,534.7609252929688,629.4249267578125
2025-08-05,202.68995666503906,526.8838500976562,626.2337646484375
2025-08-06,213.0082550048828,524.0784912109375,631.030517578125
2025-08-07,219.7805633544922,519.9852294921875,630.501953125
2025-08-08,229.0900115966797,521.1832275390625,635.4183349609375
2025-08-11,227.17999267578125,520.9136962890625,634.1618041992188
2025-08-12,229.64999389648438,528.3713989257812,640.9131469726562
2025-08-13,233.3300018310547,519.7256469726562,643.1070556640625
2025-08-14,232.77999877929688,521.6224975585938,643.1668701171875
2025-08-15,231.58999633789062,519.3162841796875,641.6610717773438
2025-08-18,230.88999938964844,516.2512817382812,641.5214233398438
2025-08-19,230.55999755859375,508.933349609375,638.0410766601562
2025-08-20,226.00999450683594,504.8900146484375,636.3457641601562
2025-08-21,224.89999389648438,504.239990234375,633.7928466796875
2025-08-22,227.75999450683594,507.2300109863281,643.52587890625
2025-08-25,227.16000366210938,504.260009765625,640.6936645507812
2025-08-26,229.30999755859375,502.0400085449219,643.3762817382812
2025-08-27,230.49000549316406,506.739990234375,644.8422241210938
2025-08-28,232.55999755859375,509.6400146484375,647.1258544921875
2025-08-29,232.13999938964844,506.69000244140625,643.2666015625
2025-09-02,229.72000122070312,505.1199951171875,638.4998168945312
2025-09-03,238.47000122070312,505.3500061035156,641.960205078125
2025-09-04,239.77999877929688,507.9700012207031,647.3253173828125
2025-09-05,239.69000244140625,495.0,645.4505004882812
2025-09-08,237.8800048828125,498.20001220703125,647.0361328125
2025-09-09,234.35000610351562,498.4100036621094,648.531982421875
2025-09-10,226.7899932861328,500.3699951171875,650.4067993164062
2025-09-11,230.02999877929688,501.010009765625,655.8118286132812
2025-09-12,234.07000732421875,509.8999938964844,655.5924072265625
2025-09-15,236.6999969482422,515.3599853515625,659.0827026367188
2025-09-16,238.14999389648438,509.0400085449219,658.1752319335938
2025-09-17,238.99000549316406,510.0199890136719,657.3575439453125
2025-09-18,237.8800048828125,508.45001220703125,660.4290161132812
2025-09-19,245.5,517.9299926757812,663.7000122070312
2025-09-22,,514.219970703125,
